reserva_id,canal,score_geral,sentimento,ano,mes,Limpeza,Localização,Atendimento,Pequeno-almoço,Conforto,Custo-benefício
1000,Booking.com,6.6,Neutro,2023,1,7.7,6.1,8.1,7.0,6.9,6.8
1003,Booking.com,6.9,Neutro,2023,1,6.2,7.3,6.3,6.6,7.0,8.0
1009,Direto,8.3,Positivo,2023,1,9.0,8.0,9.2,10.0,8.3,7.9
1011,Booking.com,8.9,Positivo,2023,1,8.0,8.3,9.1,8.6,10.0,9.5
1012,Booking.com,9.8,Positivo,2023,1,9.4,10.0,10.0,10.0,9.9,10.0
1016,Booking.com,8.9,Positivo,2023,1,9.1,9.0,10.0,8.9,9.3,7.2
1018,Expedia,7.6,Neutro,2023,1,7.3,6.1,8.0,8.4,8.8,6.7
1019,Airbnb,8.9,Positivo,2023,1,8.0,9.1,9.6,8.7,8.1,7.7
1020,Expedia,6.7,Neutro,2023,1,7.6,6.6,6.5,8.2,7.3,8.4
1022,Airbnb,9.1,Positivo,2023,1,9.2,10.0,7.5,10.0,8.5,8.1
1024,Direto,8.5,Positivo,2023,1,9.0,10.0,9.0,8.8,7.7,8.8
1028,Direto,8.2,Positivo,2023,1,9.5,7.9,8.5,7.8,8.5,7.8
1029,Direto,9.8,Positivo,2023,1,10.0,9.2,9.8,9.9,10.0,9.9
1030,Direto,8.8,Positivo,2023,1,9.1,6.7,8.9,9.2,8.1,7.4
1032,Direto,8.2,Positivo,2023,1,9.5,8.2,8.0,9.2,8.0,7.5
1033,Booking.com,8.4,Positivo,2023,1,9.8,9.0,7.6,8.8,9.2,7.7
1037,Airbnb,7.8,Neutro,2023,1,6.9,7.7,7.8,7.9,8.4,8.1
1038,Booking.com,8.3,Positivo,2023,1,9.8,7.2,9.9,8.5,8.2,6.9
1042,Booking.com,6.6,Neutro,2023,1,5.2,5.6,7.4,7.1,7.6,7.4
1043,Airbnb,9.6,Positivo,2023,1,9.5,9.1,9.4,10.0,10.0,10.0
1045,Expedia,8.0,Positivo,2023,1,7.8,8.2,8.3,9.8,7.2,9.3
1047,Booking.com,9.7,Positivo,2023,1,10.0,8.8,8.8,9.6,8.6,8.8
1048,Booking.com,8.6,Positivo,2023,1,8.8,9.8,7.9,8.7,8.3,9.0
1049,Airbnb,8.7,Positivo,2023,1,8.6,8.6,9.6,7.6,7.4,9.3
1052,Expedia,8.2,Positivo,2023,2,6.1,8.1,6.7,9.5,7.6,7.4
1053,Airbnb,8.5,Positivo,2023,2,8.4,8.4,8.1,7.8,7.8,9.6
1054,Booking.com,8.5,Positivo,2023,2,8.3,7.7,8.0,7.5,8.2,8.5
1059,Expedia,8.5,Positivo,2023,2,9.6,8.1,9.7,8.5,9.7,5.7
1060,Booking.com,9.1,Positivo,2023,2,9.1,8.9,9.2,9.0,9.6,9.5
1061,Direto,9.0,Positivo,2023,2,9.1,8.3,9.7,9.7,8.7,8.8
1063,Booking.com,8.3,Positivo,2023,2,8.9,9.8,7.7,6.6,7.8,8.1
1065,Telefone,9.1,Positivo,2023,2,8.4,10.0,9.3,9.4,9.2,9.1
1067,Booking.com,8.7,Positivo,2023,2,8.1,8.7,9.4,9.4,10.0,8.6
1069,Booking.com,7.7,Neutro,2023,2,7.5,7.2,6.7,8.4,8.4,7.0
1072,Airbnb,8.7,Positivo,2023,2,8.1,10.0,10.0,7.8,9.3,8.6
1075,Telefone,8.6,Positivo,2023,2,8.6,7.4,7.3,7.9,6.8,7.6
1076,Booking.com,8.2,Positivo,2023,2,8.6,8.8,8.1,8.2,8.2,8.3
1078,Booking.com,9.1,Positivo,2023,2,9.6,9.6,9.9,9.0,8.5,9.0
1081,Booking.com,7.0,Neutro,2023,2,7.9,7.0,7.3,7.9,7.0,8.6
1082,Telefone,8.0,Positivo,2023,2,8.4,8.5,7.9,8.1,8.2,7.0
1083,Booking.com,6.7,Neutro,2023,2,7.6,6.3,7.0,7.0,8.4,7.3
1084,Booking.com,10.0,Positivo,2023,2,10.0,10.0,8.8,9.8,9.8,10.0
1087,Expedia,8.9,Positivo,2023,2,7.6,8.4,8.0,7.8,8.0,8.4
1088,Direto,8.7,Positivo,2023,2,8.8,7.9,8.2,9.5,9.2,9.9
1090,Airbnb,9.1,Positivo,2023,2,8.2,8.8,9.0,8.6,9.2,9.1
1091,Booking.com,8.3,Positivo,2023,2,8.4,8.3,9.2,8.8,8.8,8.9
1092,Booking.com,8.2,Positivo,2023,2,8.1,8.1,7.6,8.4,9.0,8.3
1093,Telefone,9.0,Positivo,2023,2,9.2,9.7,9.0,9.4,9.5,7.7
1095,Direto,8.1,Positivo,2023,2,7.8,8.1,8.0,8.9,6.9,8.3
1096,Booking.com,8.9,Positivo,2023,2,8.2,9.2,8.4,9.6,8.8,8.7
1097,Booking.com,8.1,Positivo,2023,2,9.2,8.0,7.6,8.2,8.5,7.0
1098,Booking.com,8.6,Positivo,2023,2,7.5,7.4,8.2,9.8,8.8,8.8
1101,Expedia,7.7,Neutro,2023,2,7.5,7.7,7.2,7.9,8.0,7.9
1102,Booking.com,8.0,Positivo,2023,2,9.6,7.3,10.0,6.9,8.4,7.7
1104,Expedia,8.7,Positivo,2023,2,8.1,8.7,9.3,8.6,7.3,9.5
1105,Expedia,8.4,Positivo,2023,2,7.8,6.8,8.6,9.6,8.8,8.3
1106,Airbnb,7.3,Neutro,2023,2,7.2,7.3,7.7,8.1,6.8,6.0
1107,Booking.com,7.9,Neutro,2023,2,7.7,8.3,8.3,8.7,8.2,7.5
1109,Airbnb,8.2,Positivo,2023,3,7.2,8.1,7.5,8.5,8.8,8.3
1117,Telefone,9.2,Positivo,2023,3,8.9,8.4,9.5,8.4,10.0,8.5
1118,Expedia,8.1,Positivo,2023,3,8.7,9.4,9.3,7.3,7.0,8.1
1122,Airbnb,8.2,Positivo,2023,3,8.8,9.4,6.8,8.2,7.8,9.0
1123,Expedia,8.5,Positivo,2023,3,8.0,8.3,8.2,8.4,7.9,9.0
1124,Expedia,5.0,Negativo,2023,3,4.8,5.2,4.8,5.5,4.0,4.4
1125,Telefone,8.8,Positivo,2023,3,8.1,8.1,9.0,10.0,8.8,9.2
1129,Booking.com,8.5,Positivo,2023,3,8.9,8.0,6.8,8.2,9.6,7.8
1130,Direto,8.6,Positivo,2023,3,8.9,8.6,9.1,8.5,8.1,8.1
1131,Airbnb,9.2,Positivo,2023,3,9.1,8.2,8.5,8.3,9.0,9.8
1132,Booking.com,9.3,Positivo,2023,3,8.6,10.0,10.0,9.3,10.0,10.0
1135,Booking.com,7.9,Neutro,2023,3,8.4,9.2,7.8,7.1,7.4,7.8
1136,Direto,9.4,Positivo,2023,3,10.0,10.0,8.7,10.0,9.2,9.5
1137,Booking.com,8.7,Positivo,2023,3,9.0,8.1,8.6,8.3,7.7,7.9
1140,Airbnb,8.6,Positivo,2023,3,9.1,10.0,8.3,8.9,9.5,7.2
1142,Expedia,8.2,Positivo,2023,3,8.0,7.3,6.6,8.5,8.4,8.4
1144,Booking.com,7.7,Neutro,2023,3,5.3,8.5,7.9,8.0,7.8,8.9
1146,Airbnb,9.7,Positivo,2023,3,10.0,8.6,9.5,8.7,10.0,9.8
1147,Direto,9.9,Positivo,2023,3,10.0,10.0,9.1,10.0,10.0,9.3
1148,Direto,9.5,Positivo,2023,3,10.0,8.5,10.0,8.7,8.6,10.0
1149,Airbnb,9.3,Positivo,2023,3,8.5,9.0,9.1,9.1,9.9,8.6
1150,Expedia,8.7,Positivo,2023,3,9.0,9.2,8.3,8.4,8.7,9.3
1151,Direto,9.2,Positivo,2023,3,8.8,7.3,8.8,9.9,9.4,10.0
1152,Booking.com,7.8,Neutro,2023,3,7.4,7.8,7.8,7.0,8.9,6.2
1155,Direto,9.2,Positivo,2023,3,8.0,8.3,10.0,10.0,10.0,9.7
1157,Direto,10.0,Positivo,2023,3,9.6,10.0,9.4,9.3,10.0,8.9
1158,Airbnb,9.0,Positivo,2023,3,9.1,9.1,9.0,8.1,8.8,9.2
1159,Expedia,8.5,Positivo,2023,3,9.1,8.7,7.6,9.4,9.6,8.9
1160,Direto,8.5,Positivo,2023,3,8.0,8.7,7.9,8.6,8.6,10.0
1162,Airbnb,7.2,Neutro,2023,3,6.2,6.2,6.5,6.9,7.3,6.5
1163,Airbnb,9.4,Positivo,2023,3,9.3,9.9,9.0,8.7,9.2,7.9
1164,Booking.com,8.6,Positivo,2023,3,8.2,9.6,9.1,8.5,8.8,9.1
1165,Direto,9.0,Positivo,2023,3,8.8,7.2,8.3,8.0,9.7,9.9
1166,Booking.com,9.3,Positivo,2023,3,8.1,9.8,8.6,10.0,9.1,8.3
1167,Booking.com,7.7,Neutro,2023,3,7.6,8.8,6.9,8.9,5.8,8.5
1171,Booking.com,9.4,Positivo,2023,4,7.9,8.9,10.0,10.0,8.6,10.0
1173,Booking.com,7.5,Neutro,2023,4,7.7,7.6,7.4,6.7,7.6,6.9
1174,Airbnb,7.3,Neutro,2023,4,7.3,6.7,7.5,7.9,6.7,7.1
1176,Telefone,8.5,Positivo,2023,4,8.3,8.5,8.6,9.0,7.8,7.2
1177,Expedia,8.1,Positivo,2023,4,9.2,8.6,8.4,7.4,9.6,7.8
1178,Expedia,7.4,Neutro,2023,4,8.5,7.8,6.9,6.1,7.8,8.0
1184,Expedia,7.7,Neutro,2023,4,6.7,8.1,7.5,7.9,9.3,7.1
1187,Airbnb,8.4,Positivo,2023,4,7.5,7.8,7.8,8.2,8.6,9.1
1190,Direto,9.6,Positivo,2023,4,9.8,10.0,9.8,10.0,10.0,9.4
1193,Expedia,8.9,Positivo,2023,4,9.0,9.9,7.5,9.1,9.2,8.9
1194,Booking.com,7.5,Neutro,2023,4,8.1,8.2,6.8,7.2,7.9,7.9
1195,Booking.com,8.2,Positivo,2023,4,7.8,8.0,8.6,7.4,8.8,8.6
1196,Booking.com,8.2,Positivo,2023,4,8.9,8.7,8.5,8.5,6.8,8.5
1199,Booking.com,8.4,Positivo,2023,4,8.5,7.9,8.3,8.0,8.0,9.2
1200,Booking.com,9.8,Positivo,2023,4,8.6,10.0,10.0,9.4,10.0,9.3
1201,Expedia,8.0,Positivo,2023,4,8.9,6.8,8.4,6.8,8.1,6.9
1202,Expedia,7.6,Neutro,2023,4,8.2,6.9,8.4,7.0,8.2,6.1
1203,Expedia,9.3,Positivo,2023,4,9.8,8.6,10.0,10.0,9.7,9.8
1205,Direto,8.4,Positivo,2023,4,8.3,7.4,8.5,7.9,8.8,8.3
1206,Expedia,7.6,Neutro,2023,4,7.3,7.7,8.7,6.2,7.2,8.9
1209,Direto,7.7,Neutro,2023,4,7.5,7.2,8.2,7.0,7.5,6.5
1210,Expedia,9.4,Positivo,2023,4,8.5,9.1,9.3,10.0,9.8,8.7
1213,Booking.com,7.8,Neutro,2023,4,7.0,7.6,6.8,7.9,8.3,7.7
1215,Direto,8.6,Positivo,2023,4,7.8,7.9,8.0,7.1,8.2,7.8
1216,Booking.com,6.6,Neutro,2023,4,7.5,9.0,7.7,6.9,6.2,7.5
1217,Booking.com,8.2,Positivo,2023,4,8.4,8.8,7.7,9.0,8.2,7.3
1218,Expedia,7.7,Neutro,2023,4,7.8,7.0,7.3,8.1,8.4,7.4
1219,Booking.com,8.5,Positivo,2023,4,7.6,9.2,9.2,7.9,8.2,7.3
1221,Airbnb,8.1,Positivo,2023,4,8.3,8.4,7.8,7.5,7.4,8.0
1223,Expedia,9.3,Positivo,2023,4,9.9,9.7,8.9,7.9,9.0,8.9
1225,Expedia,6.2,Negativo,2023,4,5.6,6.2,5.0,7.2,5.7,7.2
1228,Airbnb,9.8,Positivo,2023,4,8.6,9.9,9.5,10.0,8.3,9.4
1229,Expedia,8.2,Positivo,2023,4,8.9,8.6,7.9,8.4,8.1,8.6
1231,Booking.com,7.7,Neutro,2023,4,8.3,8.0,7.6,8.0,6.9,7.6
1234,Expedia,7.6,Neutro,2023,4,8.8,8.3,7.9,8.3,4.9,7.1
1236,Telefone,8.2,Positivo,2023,4,8.2,8.3,9.2,6.9,7.7,6.8
1238,Telefone,9.6,Positivo,2023,5,10.0,8.8,8.4,10.0,9.0,9.4
1240,Direto,8.6,Positivo,2023,5,9.7,8.5,7.8,7.5,9.8,9.0
1241,Direto,7.7,Neutro,2023,5,8.8,8.3,7.9,7.7,7.8,7.7
1242,Expedia,6.9,Neutro,2023,5,6.7,7.0,8.0,8.0,4.7,7.4
1243,Booking.com,9.1,Positivo,2023,5,8.5,8.5,9.0,7.9,9.0,9.7
1244,Direto,8.4,Positivo,2023,5,10.0,7.7,6.7,6.9,9.2,8.7
1245,Airbnb,9.7,Positivo,2023,5,10.0,9.6,10.0,9.4,10.0,9.6
1246,Direto,9.2,Positivo,2023,5,10.0,10.0,10.0,10.0,8.4,8.4
1247,Booking.com,6.1,Negativo,2023,5,5.6,6.1,5.4,5.9,4.8,5.8
1249,Booking.com,8.5,Positivo,2023,5,9.2,8.4,10.0,7.9,8.3,8.8
1250,Airbnb,9.3,Positivo,2023,5,10.0,8.3,8.4,10.0,9.3,9.7
1251,Direto,9.4,Positivo,2023,5,10.0,9.6,10.0,9.3,8.9,8.4
1252,Direto,8.5,Positivo,2023,5,10.0,8.0,8.7,9.3,8.7,8.8
1253,Expedia,8.4,Positivo,2023,5,8.3,9.0,8.0,7.0,10.0,8.8
1254,Direto,7.7,Neutro,2023,5,7.6,6.8,7.7,6.8,8.1,8.4
1256,Expedia,6.9,Neutro,2023,5,6.6,6.8,6.5,7.8,6.2,7.5
1258,Expedia,8.5,Positivo,2023,5,8.0,7.6,8.6,6.7,8.4,8.0
1264,Expedia,7.9,Neutro,2023,5,8.1,8.3,7.8,7.0,8.9,7.9
1265,Booking.com,8.3,Positivo,2023,5,8.8,7.2,7.4,8.5,8.9,7.7
1272,Expedia,7.1,Neutro,2023,5,6.4,7.2,6.9,9.3,7.3,7.2
1273,Booking.com,7.4,Neutro,2023,5,6.5,8.7,9.0,6.9,5.7,6.6
1274,Booking.com,9.3,Positivo,2023,5,8.8,9.1,9.0,9.5,9.9,9.9
1275,Telefone,9.3,Positivo,2023,5,10.0,9.9,8.2,9.3,9.9,9.8
1278,Booking.com,10.0,Positivo,2023,5,10.0,10.0,10.0,10.0,8.8,10.0
1279,Expedia,7.8,Neutro,2023,5,8.3,8.4,7.8,6.8,7.2,8.0
1283,Expedia,8.5,Positivo,2023,5,8.5,7.8,7.5,8.2,9.4,9.3
1284,Telefone,8.7,Positivo,2023,5,6.9,8.4,9.4,7.9,8.5,9.1
1285,Airbnb,10.0,Positivo,2023,5,7.9,9.5,10.0,10.0,8.6,10.0
1288,Direto,8.8,Positivo,2023,5,8.9,8.2,8.4,8.9,9.5,10.0
1289,Booking.com,8.2,Positivo,2023,5,7.7,9.4,8.8,8.4,8.6,7.9
1290,Telefone,8.0,Positivo,2023,5,8.6,9.0,6.8,8.4,8.7,8.4
1291,Booking.com,9.0,Positivo,2023,5,8.9,8.2,10.0,9.9,10.0,8.9
1294,Expedia,6.4,Negativo,2023,5,7.4,6.1,6.5,5.5,5.2,7.1
1296,Booking.com,7.7,Neutro,2023,5,6.1,7.7,9.2,8.7,8.8,7.6
1297,Booking.com,8.4,Positivo,2023,5,8.8,9.8,8.3,7.6,8.5,9.3
1298,Booking.com,7.9,Neutro,2023,5,7.9,7.8,7.1,8.7,8.6,8.2
1299,Direto,8.6,Positivo,2023,5,8.8,8.8,8.4,7.9,10.0,8.3
1300,Expedia,8.0,Positivo,2023,5,8.2,8.0,8.1,7.3,8.3,8.8
1301,Direto,8.1,Positivo,2023,5,7.4,7.8,9.5,8.1,8.3,7.0
1302,Telefone,7.1,Neutro,2023,5,6.6,7.5,7.7,7.6,7.3,8.1
1303,Expedia,7.6,Neutro,2023,5,8.7,7.4,7.9,7.6,8.2,8.2
1304,Booking.com,9.8,Positivo,2023,5,10.0,9.9,8.8,10.0,8.9,9.4
1306,Booking.com,9.6,Positivo,2023,5,9.9,10.0,9.4,9.5,8.6,9.0
1307,Direto,7.5,Neutro,2023,5,7.5,8.3,7.9,7.1,7.7,6.6
1309,Telefone,10.0,Positivo,2023,5,10.0,9.7,9.5,9.7,10.0,8.8
1310,Expedia,7.9,Neutro,2023,5,8.9,8.7,8.6,8.0,7.6,8.2
1314,Booking.com,8.5,Positivo,2023,5,8.7,8.2,7.2,9.3,7.9,7.5
1317,Booking.com,5.6,Negativo,2023,6,6.0,5.3,4.5,4.7,5.5,6.7
1320,Telefone,8.5,Positivo,2023,6,7.9,8.2,8.4,8.3,8.6,8.2
1321,Booking.com,7.6,Neutro,2023,6,8.9,8.3,7.0,7.6,7.0,9.7
1322,Direto,8.6,Positivo,2023,6,7.8,8.4,8.1,9.7,8.8,8.2
1323,Booking.com,6.8,Neutro,2023,6,5.2,5.9,6.7,7.1,6.2,7.4
1324,Direto,9.6,Positivo,2023,6,10.0,9.6,8.5,9.8,9.5,10.0
1325,Expedia,8.8,Positivo,2023,6,9.3,7.8,8.8,8.8,9.7,8.1
1326,Expedia,6.8,Neutro,2023,6,5.4,7.2,7.2,5.7,6.3,7.2
1327,Airbnb,7.6,Neutro,2023,6,8.3,7.3,5.8,7.0,7.9,7.1
1328,Telefone,9.0,Positivo,2023,6,10.0,8.6,9.0,10.0,8.8,10.0
1329,Booking.com,8.3,Positivo,2023,6,9.0,8.3,8.5,6.2,9.2,7.9
1332,Booking.com,8.0,Positivo,2023,6,8.3,8.2,8.4,8.0,10.0,6.4
1333,Expedia,7.5,Neutro,2023,6,7.0,7.0,7.8,6.7,7.6,8.0
1334,Airbnb,8.3,Positivo,2023,6,8.5,7.1,8.9,7.9,9.6,7.9
1335,Expedia,8.7,Positivo,2023,6,7.8,8.5,10.0,7.4,9.5,7.4
1338,Booking.com,8.0,Positivo,2023,6,7.8,7.9,6.3,7.6,8.8,8.0
1340,Booking.com,6.5,Neutro,2023,6,6.9,6.3,7.0,5.9,7.0,6.4
1345,Booking.com,7.0,Neutro,2023,6,5.9,6.5,7.5,6.5,5.1,5.8
1347,Airbnb,9.3,Positivo,2023,6,8.1,9.9,9.3,10.0,8.6,9.7
1348,Booking.com,9.0,Positivo,2023,6,9.0,8.0,8.3,9.5,9.0,10.0
1350,Expedia,7.4,Neutro,2023,6,7.4,6.8,6.5,7.6,6.8,8.0
1351,Telefone,10.0,Positivo,2023,6,10.0,9.1,9.4,9.4,9.4,10.0
1353,Expedia,7.6,Neutro,2023,6,6.9,6.7,7.9,8.5,7.8,8.9
1355,Booking.com,8.1,Positivo,2023,6,8.2,7.5,7.5,8.5,8.9,8.9
1357,Telefone,8.9,Positivo,2023,6,10.0,10.0,9.0,7.5,9.6,9.2
1358,Telefone,8.7,Positivo,2023,6,8.3,8.1,9.2,9.2,8.9,8.8
1359,Telefone,10.0,Positivo,2023,6,8.8,10.0,10.0,8.4,8.1,10.0
1360,Booking.com,9.0,Positivo,2023,6,8.0,9.0,9.1,9.3,7.5,8.2
1362,Booking.com,8.9,Positivo,2023,6,9.9,9.3,7.4,8.4,8.3,9.1
1363,Direto,9.0,Positivo,2023,6,8.5,9.7,8.6,7.8,9.7,8.3
1364,Telefone,9.6,Positivo,2023,6,9.4,10.0,10.0,9.4,9.1,9.3
1367,Booking.com,8.7,Positivo,2023,6,8.5,9.6,8.6,7.1,8.9,8.4
1368,Expedia,7.9,Neutro,2023,6,7.6,7.8,7.0,9.1,7.4,8.8
1371,Booking.com,9.6,Positivo,2023,6,9.8,10.0,10.0,10.0,8.4,9.3
1375,Booking.com,8.3,Positivo,2023,6,6.3,8.6,7.8,8.2,7.8,6.4
1377,Airbnb,10.0,Positivo,2023,6,9.7,10.0,9.9,10.0,10.0,9.4
1379,Booking.com,7.1,Neutro,2023,6,7.1,5.0,8.2,7.0,7.7,6.7
1380,Booking.com,8.6,Positivo,2023,6,8.3,7.8,8.0,8.0,8.7,8.2
1386,Booking.com,5.7,Negativo,2023,6,5.7,4.9,5.5,4.9,5.0,6.7
1391,Airbnb,8.6,Positivo,2023,6,8.8,8.3,9.2,7.6,8.6,9.2
1396,Direto,9.7,Positivo,2023,7,10.0,9.8,10.0,9.1,9.6,9.8
1397,Direto,8.5,Positivo,2023,7,9.4,9.9,8.6,9.0,9.7,7.2
1399,Expedia,8.2,Positivo,2023,7,8.7,8.5,8.2,7.3,8.1,8.0
1400,Expedia,9.7,Positivo,2023,7,9.1,8.6,10.0,10.0,9.9,9.2
1401,Expedia,5.7,Negativo,2023,7,6.4,5.8,7.6,4.6,5.0,5.8
1405,Direto,8.3,Positivo,2023,7,7.8,9.4,8.4,8.3,8.0,5.7
1406,Telefone,7.0,Neutro,2023,7,7.7,7.0,6.2,7.4,6.4,7.2
1409,Booking.com,7.6,Neutro,2023,7,8.3,7.2,6.5,8.8,7.3,6.4
1414,Booking.com,6.7,Neutro,2023,7,6.4,6.5,6.5,6.1,6.2,6.2
1415,Direto,8.7,Positivo,2023,7,8.0,8.4,8.0,9.3,9.3,8.8
1416,Direto,7.6,Neutro,2023,7,7.6,6.5,7.7,7.1,8.2,7.2
1417,Direto,8.6,Positivo,2023,7,8.6,8.8,9.3,9.0,7.9,6.3
1418,Direto,9.5,Positivo,2023,7,10.0,10.0,10.0,9.7,7.3,7.8
1421,Booking.com,8.0,Positivo,2023,7,7.9,8.3,8.0,7.1,7.6,8.3
1422,Airbnb,9.6,Positivo,2023,7,10.0,9.2,9.8,9.6,10.0,8.9
1423,Booking.com,8.3,Positivo,2023,7,9.3,7.4,7.1,9.6,9.1,8.9
1425,Booking.com,7.1,Neutro,2023,7,7.1,8.2,8.3,7.1,7.1,5.4
1426,Telefone,8.3,Positivo,2023,7,8.3,8.6,9.0,9.6,8.0,9.9
1428,Booking.com,9.8,Positivo,2023,7,10.0,8.6,9.9,10.0,9.3,10.0
1430,Direto,9.2,Positivo,2023,7,7.4,8.7,9.2,9.1,10.0,9.8
1434,Booking.com,8.8,Positivo,2023,7,9.1,10.0,8.7,8.5,9.6,8.8
1435,Booking.com,7.5,Neutro,2023,7,7.7,7.7,6.1,7.8,6.5,6.8
1436,Expedia,6.6,Neutro,2023,7,5.9,6.1,7.8,6.4,6.1,5.7
1437,Airbnb,10.0,Positivo,2023,7,9.4,10.0,9.8,10.0,10.0,10.0
1438,Direto,8.1,Positivo,2023,7,8.8,7.6,8.0,8.3,6.7,8.8
1439,Telefone,8.8,Positivo,2023,7,10.0,9.5,9.2,10.0,9.0,8.1
1440,Expedia,10.0,Positivo,2023,7,10.0,10.0,8.3,8.8,10.0,9.0
1441,Expedia,7.6,Neutro,2023,7,7.8,8.2,8.2,8.9,5.9,9.1
1444,Booking.com,8.0,Positivo,2023,7,6.3,7.8,7.2,7.3,8.2,9.8
1445,Airbnb,8.4,Positivo,2023,7,10.0,7.7,8.3,8.6,7.9,7.9
1446,Expedia,10.0,Positivo,2023,7,10.0,9.2,10.0,9.0,9.3,10.0
1449,Booking.com,9.2,Positivo,2023,7,8.3,9.8,9.8,8.9,9.8,8.9
1456,Booking.com,9.0,Positivo,2023,7,9.0,9.9,8.0,8.9,8.8,8.7
1461,Expedia,7.0,Neutro,2023,7,7.6,6.5,6.8,7.1,7.2,6.7
1462,Booking.com,7.9,Neutro,2023,7,8.9,7.4,6.9,8.9,7.3,8.0
1464,Expedia,7.4,Neutro,2023,7,7.9,9.0,7.9,7.8,7.5,7.5
1465,Airbnb,9.1,Positivo,2023,7,9.4,8.8,8.9,9.3,10.0,9.9
1466,Direto,8.2,Positivo,2023,7,7.9,7.5,9.0,8.4,9.0,8.4
1467,Booking.com,9.5,Positivo,2023,7,8.9,9.2,9.4,8.8,10.0,9.4
1471,Booking.com,7.7,Neutro,2023,7,8.2,9.2,7.3,8.9,9.3,7.6
1472,Telefone,9.1,Positivo,2023,7,9.2,9.5,9.7,10.0,9.2,9.8
1474,Telefone,8.2,Positivo,2023,7,7.2,7.6,7.6,7.3,8.3,7.6
1476,Booking.com,10.0,Positivo,2023,7,9.5,10.0,9.0,10.0,10.0,8.7
1477,Airbnb,8.6,Positivo,2023,7,9.2,9.1,7.3,9.1,8.5,8.5
1479,Telefone,8.4,Positivo,2023,7,7.9,7.7,8.2,7.9,8.2,9.0
1481,Booking.com,8.6,Positivo,2023,7,8.8,8.1,9.8,8.7,7.9,8.8
1482,Telefone,10.0,Positivo,2023,7,10.0,10.0,10.0,10.0,9.5,10.0
1483,Direto,8.7,Positivo,2023,7,8.5,8.4,9.5,8.2,9.4,9.4
1484,Airbnb,9.1,Positivo,2023,7,9.7,8.4,8.9,7.9,8.7,9.9
1485,Expedia,7.6,Neutro,2023,7,6.4,7.5,7.6,6.2,8.4,7.1
1491,Booking.com,9.4,Positivo,2023,7,9.5,8.7,9.4,10.0,8.3,8.0
1492,Direto,7.2,Neutro,2023,7,7.4,7.9,8.5,8.5,7.6,7.1
1495,Direto,9.2,Positivo,2023,8,7.4,10.0,8.2,10.0,10.0,10.0
1501,Direto,8.6,Positivo,2023,8,9.5,9.9,9.2,9.2,7.4,10.0
1504,Telefone,8.9,Positivo,2023,8,8.9,9.5,8.4,8.9,8.9,9.2
1507,Booking.com,7.8,Neutro,2023,8,6.9,7.2,8.0,9.1,7.3,6.7
1510,Booking.com,8.6,Positivo,2023,8,10.0,10.0,9.1,6.9,7.6,9.0
1511,Booking.com,10.0,Positivo,2023,8,9.4,9.5,10.0,10.0,10.0,8.6
1512,Direto,9.0,Positivo,2023,8,8.8,9.8,8.8,10.0,8.5,9.6
1513,Airbnb,7.6,Neutro,2023,8,8.6,8.0,7.9,6.2,7.5,7.8
1516,Direto,9.0,Positivo,2023,8,8.7,8.6,10.0,9.3,9.5,9.4
1517,Expedia,8.8,Positivo,2023,8,9.1,7.6,9.9,8.2,9.7,8.4
1518,Telefone,8.3,Positivo,2023,8,8.2,8.1,6.4,7.3,7.6,9.2
1519,Direto,9.3,Positivo,2023,8,8.7,8.4,8.9,9.7,8.0,8.8
1523,Telefone,9.0,Positivo,2023,8,9.4,9.1,10.0,9.2,8.9,8.9
1525,Booking.com,7.2,Neutro,2023,8,7.0,8.8,7.3,6.4,6.8,6.1
1526,Booking.com,7.8,Neutro,2023,8,7.7,9.5,7.2,7.5,8.3,8.6
1527,Booking.com,8.2,Positivo,2023,8,8.3,7.4,8.5,7.4,8.5,8.0
1528,Telefone,8.7,Positivo,2023,8,10.0,7.3,7.4,7.2,8.6,9.0
1529,Booking.com,7.3,Neutro,2023,8,6.9,7.4,7.4,7.2,7.7,6.8
1531,Booking.com,8.7,Positivo,2023,8,9.7,9.8,9.1,8.6,9.7,9.2
1532,Booking.com,8.5,Positivo,2023,8,8.8,9.9,7.7,8.7,8.0,7.8
1533,Booking.com,9.6,Positivo,2023,8,8.7,8.9,9.5,10.0,10.0,10.0
1534,Direto,9.3,Positivo,2023,8,9.8,8.2,9.3,8.8,10.0,8.7
1537,Booking.com,9.1,Positivo,2023,8,9.4,10.0,8.7,10.0,8.6,8.8
1538,Booking.com,7.6,Neutro,2023,8,8.2,8.2,7.3,6.9,7.6,7.7
1539,Telefone,9.1,Positivo,2023,8,9.5,8.2,9.5,10.0,9.4,8.7
1542,Booking.com,7.7,Neutro,2023,8,8.2,7.9,6.2,8.1,8.0,8.5
1544,Expedia,7.2,Neutro,2023,8,8.1,6.9,6.3,7.3,7.4,7.8
1546,Expedia,6.1,Negativo,2023,8,7.2,6.3,5.1,5.6,5.5,6.2
1547,Telefone,9.3,Positivo,2023,8,7.7,9.6,9.7,8.8,7.9,9.5
1550,Booking.com,10.0,Positivo,2023,8,10.0,9.4,9.7,10.0,9.7,10.0
1551,Telefone,8.8,Positivo,2023,8,9.0,8.1,9.4,10.0,8.5,9.3
1552,Booking.com,8.2,Positivo,2023,8,7.3,9.4,8.7,7.3,9.0,7.6
1553,Expedia,7.7,Neutro,2023,8,6.6,8.9,7.1,7.1,7.6,7.3
1554,Expedia,10.0,Positivo,2023,8,10.0,9.7,10.0,10.0,10.0,9.9
1555,Airbnb,7.7,Neutro,2023,8,6.5,8.5,8.9,8.8,7.6,8.2
1556,Booking.com,8.4,Positivo,2023,8,8.0,9.1,9.2,8.6,9.0,7.4
1559,Expedia,8.4,Positivo,2023,8,7.8,8.4,8.3,8.1,7.9,7.8
1560,Airbnb,8.2,Positivo,2023,8,8.3,7.7,7.7,7.4,8.0,9.0
1561,Airbnb,8.2,Positivo,2023,8,9.1,7.8,8.7,8.6,8.4,8.0
1562,Booking.com,8.1,Positivo,2023,8,7.8,7.5,8.0,9.1,7.6,7.2
1563,Booking.com,7.1,Neutro,2023,8,6.8,7.6,5.7,7.6,7.2,8.3
1564,Telefone,9.1,Positivo,2023,8,9.3,9.4,9.3,9.7,8.7,7.4
1566,Direto,8.2,Positivo,2023,8,8.2,6.7,9.0,8.4,9.6,8.7
1567,Direto,8.8,Positivo,2023,8,7.9,8.3,8.0,8.0,8.3,9.1
1569,Booking.com,9.5,Positivo,2023,8,10.0,9.0,8.9,9.4,9.7,8.2
1570,Expedia,8.4,Positivo,2023,8,7.8,8.0,9.1,8.5,8.6,7.8
1571,Telefone,7.6,Neutro,2023,8,7.7,8.5,7.4,7.3,8.5,7.7
1572,Direto,8.1,Positivo,2023,8,7.6,8.4,8.8,7.6,8.7,8.1
1573,Booking.com,7.9,Neutro,2023,8,8.9,7.4,8.3,7.4,8.1,7.6
1576,Expedia,7.3,Neutro,2023,8,8.0,7.5,7.2,7.3,7.0,7.6
1577,Airbnb,9.1,Positivo,2023,8,9.4,8.9,10.0,10.0,7.9,9.2
1578,Direto,8.0,Positivo,2023,8,8.0,6.4,8.6,7.8,8.2,9.2
1581,Booking.com,7.6,Neutro,2023,8,6.7,8.2,7.4,7.0,7.3,7.0
1582,Telefone,9.8,Positivo,2023,8,10.0,10.0,9.0,9.3,10.0,10.0
1584,Direto,7.8,Neutro,2023,8,6.9,8.2,8.1,10.0,7.2,7.9
1585,Booking.com,10.0,Positivo,2023,8,9.5,10.0,9.6,10.0,9.8,9.2
1586,Booking.com,8.2,Positivo,2023,8,8.2,6.8,7.6,8.0,8.4,8.1
1587,Booking.com,8.6,Positivo,2023,8,8.7,8.1,9.1,8.1,8.0,9.1
1589,Telefone,9.2,Positivo,2023,8,9.2,9.5,9.1,8.7,8.9,10.0
1590,Telefone,9.0,Positivo,2023,8,10.0,9.8,8.8,8.9,9.5,10.0
1591,Direto,7.6,Neutro,2023,8,8.3,7.4,8.2,7.7,8.0,7.2
1593,Booking.com,6.7,Neutro,2023,9,6.5,6.7,5.1,6.1,7.4,6.5
1595,Direto,9.2,Positivo,2023,9,8.4,7.9,7.5,8.6,9.4,8.7
1596,Booking.com,9.0,Positivo,2023,9,9.2,8.3,9.5,9.1,7.2,8.3
1597,Airbnb,8.9,Positivo,2023,9,8.7,9.2,9.8,9.7,10.0,9.0
1598,Direto,8.8,Positivo,2023,9,9.3,8.9,8.1,9.3,8.8,8.4
1601,Expedia,8.8,Positivo,2023,9,8.3,9.0,8.2,8.8,8.3,8.5
1602,Airbnb,7.3,Neutro,2023,9,7.3,8.2,7.4,7.9,6.9,5.4
1604,Direto,9.2,Positivo,2023,9,8.6,10.0,9.2,10.0,9.9,10.0
1605,Direto,8.6,Positivo,2023,9,7.3,9.4,8.1,7.7,8.3,6.6
1607,Booking.com,8.7,Positivo,2023,9,7.6,9.2,8.5,8.6,9.5,8.3
1609,Telefone,8.8,Positivo,2023,9,9.3,8.6,8.7,9.0,10.0,8.4
1610,Airbnb,8.3,Positivo,2023,9,7.9,8.3,8.9,8.7,9.3,9.6
1611,Direto,8.4,Positivo,2023,9,7.8,8.4,7.7,9.4,6.9,9.3
1616,Booking.com,8.1,Positivo,2023,9,7.7,8.3,8.4,9.2,7.9,7.9
1617,Expedia,7.3,Neutro,2023,9,7.9,8.0,6.8,7.7,7.5,8.2
1618,Booking.com,8.8,Positivo,2023,9,9.3,9.2,7.8,7.9,7.6,9.0
1622,Telefone,8.5,Positivo,2023,9,8.0,9.9,7.4,8.5,8.6,8.4
1623,Booking.com,7.1,Neutro,2023,9,5.9,8.3,7.7,6.6,8.4,6.5
1625,Telefone,7.7,Neutro,2023,9,7.7,6.9,7.6,8.6,7.0,7.7
1626,Expedia,8.0,Positivo,2023,9,8.6,8.7,8.8,8.8,8.1,7.9
1627,Booking.com,8.8,Positivo,2023,9,8.6,8.9,8.2,8.4,8.3,7.9
1628,Direto,8.8,Positivo,2023,9,9.8,8.4,10.0,9.2,9.6,9.8
1630,Expedia,8.6,Positivo,2023,9,8.8,9.6,8.7,8.4,7.2,7.9
1632,Direto,8.9,Positivo,2023,9,10.0,9.0,9.2,8.9,7.9,9.2
1634,Direto,8.6,Positivo,2023,9,7.2,9.6,9.4,9.2,8.0,8.5
1635,Airbnb,8.3,Positivo,2023,9,8.1,7.5,9.0,6.4,8.3,7.4
1636,Direto,9.1,Positivo,2023,9,7.5,10.0,8.5,9.5,9.1,8.0
1638,Airbnb,8.6,Positivo,2023,9,8.1,8.7,8.7,8.5,8.4,8.9
1639,Direto,9.2,Positivo,2023,9,10.0,8.3,9.1,8.8,8.1,9.4
1640,Telefone,7.7,Neutro,2023,9,7.3,7.1,6.9,8.1,8.9,8.3
1641,Direto,8.9,Positivo,2023,9,9.6,9.2,9.1,9.3,8.4,9.8
1642,Airbnb,8.2,Positivo,2023,9,9.9,9.0,7.6,8.9,8.2,7.5
1646,Direto,7.5,Neutro,2023,9,8.0,8.3,6.9,7.7,7.7,9.0
1648,Booking.com,6.9,Neutro,2023,9,6.8,5.2,7.1,7.5,7.3,7.8
1649,Expedia,7.1,Neutro,2023,9,7.8,7.6,6.6,8.4,7.4,7.1
1650,Booking.com,9.5,Positivo,2023,9,10.0,10.0,8.4,9.8,10.0,8.4
1652,Booking.com,10.0,Positivo,2023,9,8.6,10.0,9.6,10.0,10.0,10.0
1655,Booking.com,6.3,Negativo,2023,9,5.7,6.7,6.5,4.7,5.1,7.6
1657,Airbnb,8.3,Positivo,2023,9,8.0,7.6,7.0,8.3,9.6,8.4
1662,Booking.com,6.5,Neutro,2023,9,6.0,6.7,6.1,5.8,6.7,5.5
1664,Airbnb,8.9,Positivo,2023,9,9.0,7.6,9.7,8.2,8.2,8.4
1666,Airbnb,8.5,Positivo,2023,9,7.5,8.4,8.6,9.9,8.5,7.3
1667,Telefone,7.6,Neutro,2023,9,7.3,9.6,8.0,8.6,6.9,7.6
1668,Direto,8.9,Positivo,2023,9,10.0,7.9,8.7,9.6,8.9,8.7
1669,Expedia,7.3,Neutro,2023,9,7.2,7.4,7.7,7.2,7.5,7.2
1673,Direto,9.0,Positivo,2023,9,8.9,8.4,8.8,9.4,8.3,9.4
1674,Booking.com,7.9,Neutro,2023,9,7.6,8.5,8.3,7.0,6.9,7.0
1675,Booking.com,7.2,Neutro,2023,9,7.1,8.0,6.8,7.1,7.3,7.4
1676,Expedia,9.8,Positivo,2023,9,9.9,9.1,10.0,10.0,10.0,9.6
1677,Booking.com,9.5,Positivo,2023,9,8.0,9.3,10.0,10.0,9.9,10.0
1679,Direto,8.1,Positivo,2023,9,7.7,7.7,7.3,9.0,8.7,8.3
1682,Expedia,6.5,Neutro,2023,10,6.9,6.0,7.2,7.2,6.0,6.9
1684,Booking.com,7.7,Neutro,2023,10,6.4,6.8,8.9,9.1,7.8,7.2
1686,Airbnb,8.0,Positivo,2023,10,9.4,8.0,8.7,8.6,7.6,7.7
1687,Expedia,9.0,Positivo,2023,10,9.4,8.1,8.6,9.9,9.4,9.2
1689,Airbnb,8.3,Positivo,2023,10,8.3,8.3,8.7,8.4,8.6,9.6
1692,Booking.com,7.7,Neutro,2023,10,7.1,8.0,6.9,6.7,6.9,7.0
1694,Booking.com,7.9,Neutro,2023,10,7.5,8.1,7.6,8.6,8.5,6.8
1695,Telefone,10.0,Positivo,2023,10,9.3,10.0,10.0,10.0,9.9,10.0
1696,Expedia,10.0,Positivo,2023,10,8.4,9.6,10.0,10.0,9.7,8.9
1698,Expedia,7.8,Neutro,2023,10,7.9,8.7,8.3,7.9,7.0,7.6
1700,Direto,9.1,Positivo,2023,10,10.0,8.2,9.0,10.0,8.2,8.4
1701,Airbnb,9.5,Positivo,2023,10,10.0,10.0,9.3,9.9,9.2,8.7
1704,Airbnb,9.4,Positivo,2023,10,9.7,9.9,8.8,9.2,8.9,9.3
1705,Airbnb,7.9,Neutro,2023,10,6.4,9.0,8.5,7.9,8.1,7.5
1707,Telefone,9.5,Positivo,2023,10,9.8,9.3,9.4,9.7,9.6,8.9
1708,Booking.com,8.4,Positivo,2023,10,8.2,8.7,9.3,8.9,8.1,7.8
1709,Expedia,6.7,Neutro,2023,10,6.6,8.1,6.1,6.0,6.1,6.4
1711,Telefone,8.7,Positivo,2023,10,8.7,8.3,8.3,8.7,8.3,8.4
1712,Expedia,7.6,Neutro,2023,10,6.6,8.0,7.8,7.1,7.5,6.4
1714,Booking.com,7.5,Neutro,2023,10,7.4,8.2,8.0,7.9,8.3,7.1
1716,Direto,10.0,Positivo,2023,10,10.0,9.3,9.9,9.1,10.0,10.0
1721,Booking.com,7.9,Neutro,2023,10,7.8,6.8,9.7,6.9,7.7,6.8
1722,Booking.com,9.0,Positivo,2023,10,8.7,8.5,9.3,9.3,8.3,8.2
1724,Booking.com,8.4,Positivo,2023,10,8.8,7.8,9.0,9.0,8.4,8.0
1725,Direto,8.9,Positivo,2023,10,9.6,8.5,9.0,9.4,8.3,8.9
1726,Telefone,8.4,Positivo,2023,10,8.0,8.4,8.3,8.7,8.8,8.8
1729,Expedia,7.2,Neutro,2023,10,7.1,7.2,6.8,6.7,7.4,6.5
1730,Expedia,8.1,Positivo,2023,10,8.8,8.1,7.4,9.6,8.1,6.0
1731,Direto,8.5,Positivo,2023,10,9.2,7.7,9.2,7.8,8.2,8.6
1732,Expedia,6.8,Neutro,2023,10,7.7,5.3,6.3,6.9,7.3,6.9
1734,Direto,9.7,Positivo,2023,10,10.0,10.0,10.0,9.6,10.0,9.6
1741,Direto,8.6,Positivo,2023,10,8.1,10.0,9.3,8.8,9.0,9.0
1742,Booking.com,8.4,Positivo,2023,10,8.4,9.4,9.6,8.8,8.0,8.4
1743,Booking.com,7.5,Neutro,2023,10,8.3,7.6,7.7,6.7,6.5,8.2
1750,Expedia,6.0,Negativo,2023,10,5.9,6.9,5.0,5.1,7.3,6.1
1751,Airbnb,8.0,Positivo,2023,10,7.9,8.5,7.5,7.3,7.0,7.7
1752,Telefone,9.0,Positivo,2023,10,7.5,9.6,10.0,7.9,8.3,9.8
1753,Booking.com,8.5,Positivo,2023,10,8.4,7.9,8.3,9.4,9.1,8.6
1754,Telefone,8.6,Positivo,2023,10,9.4,8.1,8.0,9.6,8.7,8.0
1758,Airbnb,8.8,Positivo,2023,10,9.9,9.1,8.4,8.9,8.7,9.4
1759,Direto,8.6,Positivo,2023,10,8.9,8.2,10.0,8.7,9.6,9.6
1761,Booking.com,7.6,Neutro,2023,10,7.8,7.5,7.5,6.6,8.1,8.2
1762,Expedia,9.0,Positivo,2023,10,8.9,9.1,8.5,10.0,9.1,8.6
1763,Booking.com,8.9,Positivo,2023,10,8.6,9.8,9.5,9.4,9.0,8.9
1764,Expedia,8.9,Positivo,2023,10,8.7,8.2,10.0,7.8,9.8,8.8
1766,Booking.com,8.9,Positivo,2023,11,8.2,9.0,9.8,9.2,10.0,10.0
1767,Expedia,9.2,Positivo,2023,11,10.0,8.9,8.8,9.6,9.5,9.6
1769,Booking.com,8.7,Positivo,2023,11,8.9,8.1,9.6,7.8,8.6,9.5
1770,Direto,8.0,Positivo,2023,11,8.6,7.3,8.2,6.1,9.3,8.4
1771,Booking.com,6.4,Negativo,2023,11,7.1,6.8,6.7,6.8,6.9,6.1
1772,Direto,10.0,Positivo,2023,11,10.0,8.5,10.0,10.0,9.5,10.0
1773,Expedia,8.1,Positivo,2023,11,7.1,8.7,7.6,7.7,6.1,7.4
1775,Telefone,9.5,Positivo,2023,11,9.8,10.0,10.0,8.7,10.0,8.2
1776,Direto,8.2,Positivo,2023,11,8.0,6.8,8.7,7.8,6.9,7.7
1778,Booking.com,7.9,Neutro,2023,11,8.0,7.7,8.5,7.3,7.9,8.3
1780,Telefone,7.8,Neutro,2023,11,7.5,7.7,7.7,8.0,6.6,7.2
1782,Direto,9.4,Positivo,2023,11,9.1,10.0,8.2,10.0,9.3,9.3
1783,Telefone,9.4,Positivo,2023,11,8.7,9.3,9.0,9.6,9.7,9.0
1785,Telefone,7.5,Neutro,2023,11,8.1,8.5,6.6,7.7,7.5,6.8
1789,Telefone,7.8,Neutro,2023,11,7.9,6.8,8.3,8.1,7.8,7.8
1790,Direto,9.0,Positivo,2023,11,9.5,8.8,8.5,7.5,9.4,8.1
1792,Booking.com,8.6,Positivo,2023,11,8.8,7.9,7.1,8.2,10.0,9.4
1794,Booking.com,8.4,Positivo,2023,11,7.5,7.9,8.1,8.6,9.2,9.4
1795,Booking.com,9.0,Positivo,2023,11,9.9,9.6,8.2,8.0,8.8,9.4
1797,Booking.com,9.6,Positivo,2023,11,8.5,10.0,9.8,9.7,9.0,8.9
1798,Telefone,7.8,Neutro,2023,11,7.7,8.6,6.6,8.3,8.6,8.4
1799,Booking.com,9.3,Positivo,2023,11,8.6,9.6,9.7,9.4,10.0,9.9
1800,Direto,8.6,Positivo,2023,11,9.3,8.0,7.9,7.0,7.2,8.9
1801,Airbnb,7.8,Neutro,2023,11,8.5,8.1,7.8,6.0,6.1,7.4
1803,Booking.com,8.9,Positivo,2023,11,8.4,8.4,8.3,8.6,9.4,8.3
1806,Direto,8.5,Positivo,2023,11,8.6,8.5,8.9,8.8,8.7,9.8
1807,Booking.com,7.5,Neutro,2023,11,7.8,7.6,9.2,7.8,8.7,7.1
1808,Expedia,10.0,Positivo,2023,11,8.7,10.0,9.9,9.8,10.0,10.0
1812,Airbnb,10.0,Positivo,2023,11,10.0,10.0,10.0,10.0,9.7,8.6
1815,Expedia,10.0,Positivo,2023,11,10.0,9.5,9.9,9.8,10.0,9.4
1818,Expedia,7.1,Neutro,2023,11,7.8,5.4,8.4,6.5,8.6,6.6
1819,Expedia,6.4,Negativo,2023,11,6.9,4.9,6.3,6.6,5.8,6.1
1820,Expedia,9.1,Positivo,2023,11,10.0,8.5,8.8,10.0,10.0,9.0
1821,Expedia,8.4,Positivo,2023,11,6.8,8.4,7.4,8.8,8.3,7.8
1828,Expedia,9.1,Positivo,2023,12,8.6,7.8,8.9,8.8,9.9,9.9
1831,Airbnb,7.7,Neutro,2023,12,8.0,7.1,8.6,7.3,9.3,7.2
1832,Airbnb,8.5,Positivo,2023,12,8.0,8.8,8.6,7.8,8.8,8.7
1833,Direto,9.7,Positivo,2023,12,9.4,9.6,9.1,10.0,9.9,10.0
1835,Booking.com,7.5,Neutro,2023,12,6.9,6.8,7.8,7.6,9.1,10.0
1836,Direto,8.2,Positivo,2023,12,8.1,8.3,8.0,8.9,8.3,9.6
1837,Airbnb,9.4,Positivo,2023,12,9.5,8.4,10.0,9.8,10.0,8.5
1840,Booking.com,7.6,Neutro,2023,12,7.5,7.5,8.7,7.1,9.8,6.6
1844,Booking.com,8.0,Positivo,2023,12,8.7,8.6,8.5,8.8,8.6,7.4
1847,Airbnb,9.1,Positivo,2023,12,9.6,8.2,9.6,7.7,9.0,7.6
1848,Telefone,8.9,Positivo,2023,12,8.2,9.5,9.1,7.9,7.4,9.0
1849,Booking.com,9.9,Positivo,2023,12,10.0,10.0,10.0,8.6,9.5,7.8
1850,Booking.com,8.9,Positivo,2023,12,9.0,8.3,8.5,9.2,9.3,8.8
1851,Direto,8.9,Positivo,2023,12,9.6,8.2,9.4,8.2,9.5,8.8
1853,Booking.com,6.9,Neutro,2023,12,8.7,6.2,7.1,7.0,7.5,7.4
1854,Telefone,8.8,Positivo,2023,12,9.0,10.0,8.3,8.2,8.7,8.9
1855,Expedia,7.2,Neutro,2023,12,7.9,8.0,7.1,7.5,7.9,7.3
1856,Expedia,8.1,Positivo,2023,12,7.9,9.5,9.1,7.2,9.0,8.2
1859,Direto,7.9,Neutro,2023,12,7.6,8.5,8.0,7.9,8.3,7.9
1862,Booking.com,6.4,Negativo,2023,12,4.9,7.1,7.0,5.7,6.2,6.5
1863,Direto,7.6,Neutro,2023,12,8.1,7.9,6.9,8.3,6.9,7.6
1864,Booking.com,9.6,Positivo,2023,12,9.3,9.6,9.4,9.4,10.0,9.7
1865,Expedia,7.7,Neutro,2023,12,8.0,7.8,7.4,7.8,7.3,7.7
1866,Expedia,7.7,Neutro,2023,12,8.9,8.0,7.8,6.8,9.7,6.3
1868,Direto,8.6,Positivo,2023,12,8.2,7.9,8.9,9.0,8.5,9.9
1871,Booking.com,6.4,Negativo,2023,12,6.4,6.0,6.6,4.8,7.0,6.2
1878,Booking.com,7.5,Neutro,2023,12,7.2,7.8,8.2,7.0,6.6,7.5
1879,Booking.com,8.6,Positivo,2023,12,7.6,8.1,8.3,9.3,8.9,8.2
1880,Expedia,9.4,Positivo,2023,12,9.7,9.8,9.1,9.6,10.0,8.8
1881,Expedia,9.5,Positivo,2023,12,8.7,10.0,9.8,8.8,9.0,9.3
1882,Booking.com,7.1,Neutro,2023,12,7.2,6.5,7.6,6.3,8.0,6.1
1883,Airbnb,7.8,Neutro,2023,12,7.1,8.0,8.0,7.0,8.0,8.4
1884,Telefone,7.9,Neutro,2023,12,7.2,7.2,8.4,8.3,6.9,7.6
1885,Booking.com,9.5,Positivo,2023,12,9.6,9.7,9.0,10.0,8.7,10.0
1887,Booking.com,8.2,Positivo,2023,12,7.9,8.2,8.0,8.3,9.0,8.6
1889,Telefone,10.0,Positivo,2024,1,9.9,9.9,10.0,10.0,10.0,10.0
1890,Airbnb,7.6,Neutro,2024,1,8.2,6.9,6.3,7.1,7.1,7.8
1891,Airbnb,9.0,Positivo,2024,1,8.7,9.4,9.6,8.8,7.5,8.6
1894,Expedia,8.0,Positivo,2024,1,8.3,7.6,6.7,7.3,8.2,9.1
1895,Airbnb,8.2,Positivo,2024,1,7.3,7.3,7.0,7.7,8.3,7.7
1896,Direto,8.4,Positivo,2024,1,8.4,8.4,8.9,7.7,8.7,7.6
1897,Expedia,7.5,Neutro,2024,1,7.2,8.4,7.0,7.8,7.1,8.0
1898,Booking.com,9.6,Positivo,2024,1,9.1,9.2,7.9,9.1,9.2,9.3
1899,Airbnb,8.4,Positivo,2024,1,8.7,8.8,9.0,8.0,7.8,8.6
1903,Airbnb,8.8,Positivo,2024,1,7.5,8.1,9.0,8.2,9.0,7.7
1905,Booking.com,8.3,Positivo,2024,1,8.1,8.4,8.1,7.1,7.8,8.9
1907,Expedia,7.9,Neutro,2024,1,7.1,7.5,7.4,8.8,7.3,9.4
1909,Expedia,7.8,Neutro,2024,1,8.2,7.3,7.5,7.9,7.9,8.4
1910,Telefone,9.0,Positivo,2024,1,9.3,8.0,9.4,9.8,8.9,8.6
1911,Booking.com,6.0,Negativo,2024,1,6.1,6.7,5.1,5.4,6.5,6.4
1912,Direto,8.6,Positivo,2024,1,9.7,8.6,7.7,7.2,9.2,8.2
1913,Direto,9.1,Positivo,2024,1,9.8,9.5,9.1,9.4,10.0,10.0
1915,Direto,9.3,Positivo,2024,1,8.3,8.7,9.2,10.0,10.0,10.0
1916,Booking.com,7.5,Neutro,2024,1,6.5,6.9,6.4,7.1,7.4,8.3
1918,Booking.com,7.1,Neutro,2024,1,6.3,7.8,8.7,6.7,7.2,6.0
1920,Direto,9.8,Positivo,2024,1,10.0,9.6,10.0,10.0,10.0,8.9
1922,Direto,8.0,Positivo,2024,1,8.2,6.8,7.8,7.1,7.6,8.3
1924,Booking.com,8.4,Positivo,2024,1,7.7,7.9,7.9,7.4,9.4,7.6
1925,Direto,9.3,Positivo,2024,1,9.1,8.1,9.0,8.9,9.8,8.8
1926,Expedia,8.7,Positivo,2024,1,8.8,8.9,9.1,9.0,8.5,8.3
1927,Booking.com,8.3,Positivo,2024,1,8.2,8.1,8.3,8.3,9.8,7.5
1929,Booking.com,8.7,Positivo,2024,1,8.9,8.5,7.6,10.0,9.1,8.2
1931,Expedia,8.3,Positivo,2024,1,8.8,8.1,9.0,7.3,8.2,8.4
1932,Telefone,8.8,Positivo,2024,1,9.6,7.5,9.6,8.0,8.9,9.2
1935,Direto,9.2,Positivo,2024,1,8.4,9.6,8.8,9.4,9.3,9.6
1941,Booking.com,8.1,Positivo,2024,1,8.0,9.3,7.6,7.6,8.5,8.3
1943,Expedia,7.2,Neutro,2024,2,8.8,6.7,7.2,6.4,6.7,5.9
1945,Direto,9.9,Positivo,2024,2,10.0,10.0,10.0,10.0,9.9,10.0
1946,Expedia,8.6,Positivo,2024,2,7.8,8.3,8.5,9.2,8.7,8.1
1947,Telefone,8.9,Positivo,2024,2,8.5,8.9,8.8,8.5,9.4,7.6
1948,Airbnb,8.1,Positivo,2024,2,7.6,8.2,7.0,8.6,8.2,8.1
1950,Expedia,7.3,Neutro,2024,2,6.7,8.4,8.0,7.4,8.7,6.1
1951,Booking.com,7.1,Neutro,2024,2,8.0,7.4,6.6,6.4,7.6,7.4
1954,Direto,9.2,Positivo,2024,2,8.9,9.2,7.7,9.9,9.0,7.7
1956,Direto,9.4,Positivo,2024,2,10.0,8.6,8.9,9.9,9.1,8.5
1960,Booking.com,6.7,Neutro,2024,2,6.5,6.8,6.0,7.6,6.9,7.3
1961,Expedia,8.0,Positivo,2024,2,7.9,8.2,7.8,7.2,8.9,7.5
1962,Direto,9.5,Positivo,2024,2,8.7,9.9,7.8,9.1,9.4,9.4
1965,Booking.com,7.8,Neutro,2024,2,6.8,7.7,7.1,7.8,7.1,7.8
1966,Direto,9.1,Positivo,2024,2,10.0,9.6,9.9,8.0,8.1,9.2
1967,Direto,7.0,Neutro,2024,2,7.6,6.1,6.6,6.8,7.7,7.6
1968,Airbnb,9.3,Positivo,2024,2,8.4,8.5,9.6,9.7,10.0,9.4
1969,Direto,8.2,Positivo,2024,2,9.2,7.8,8.9,9.6,8.4,7.9
1973,Expedia,10.0,Positivo,2024,2,10.0,9.1,10.0,10.0,10.0,8.7
1975,Booking.com,7.9,Neutro,2024,2,6.0,7.5,8.1,9.6,7.6,7.4
1976,Direto,8.5,Positivo,2024,2,9.3,9.4,8.4,9.6,8.5,9.2
1977,Airbnb,8.4,Positivo,2024,2,9.0,8.2,7.5,8.0,8.6,7.2
1978,Booking.com,9.2,Positivo,2024,2,8.3,8.4,9.0,7.4,9.2,8.6
1982,Direto,9.2,Positivo,2024,2,9.9,9.4,10.0,7.9,8.1,8.6
1983,Telefone,7.9,Neutro,2024,2,8.0,6.0,8.2,8.7,7.8,7.6
1984,Expedia,9.5,Positivo,2024,2,10.0,8.3,8.7,9.7,8.4,9.3
1985,Booking.com,8.0,Positivo,2024,2,7.8,9.5,8.3,7.1,8.3,6.9
1987,Booking.com,7.1,Neutro,2024,2,9.0,7.1,6.6,5.9,7.7,6.6
1988,Expedia,9.0,Positivo,2024,2,8.7,9.0,9.4,10.0,9.5,9.8
1989,Booking.com,7.7,Neutro,2024,2,6.8,7.1,7.9,8.3,8.9,7.7
1992,Booking.com,9.1,Positivo,2024,2,9.5,9.5,8.7,8.2,8.5,9.5
1993,Expedia,7.2,Neutro,2024,2,5.8,7.6,7.4,7.1,6.3,6.5
1995,Booking.com,8.2,Positivo,2024,2,6.8,7.9,8.9,8.4,9.5,8.2
2000,Direto,9.8,Positivo,2024,2,10.0,8.4,9.4,9.7,10.0,9.1
2002,Direto,7.8,Neutro,2024,2,8.2,7.1,8.1,8.2,6.8,7.1
2003,Telefone,9.2,Positivo,2024,3,10.0,8.9,9.0,8.8,9.2,7.2
2004,Expedia,7.7,Neutro,2024,3,8.3,6.0,8.9,8.7,7.4,7.3
2005,Booking.com,7.3,Neutro,2024,3,7.8,6.3,7.2,5.9,7.2,6.7
2006,Telefone,8.3,Positivo,2024,3,8.5,7.7,7.8,8.3,8.2,8.7
2007,Booking.com,7.9,Neutro,2024,3,7.9,8.6,6.8,7.1,9.0,7.7
2008,Booking.com,8.6,Positivo,2024,3,9.7,8.1,7.8,7.4,9.5,8.3
2010,Booking.com,7.6,Neutro,2024,3,7.9,7.5,7.6,7.7,6.6,7.5
2011,Expedia,8.1,Positivo,2024,3,7.5,7.5,9.2,7.7,9.4,7.5
2012,Booking.com,8.3,Positivo,2024,3,7.7,8.2,8.4,8.1,10.0,7.3
2013,Expedia,7.5,Neutro,2024,3,7.2,9.3,6.8,8.0,6.6,9.0
2016,Booking.com,8.3,Positivo,2024,3,8.3,8.3,7.7,7.8,9.1,8.0
2017,Direto,7.8,Neutro,2024,3,7.6,8.2,7.2,8.0,7.1,7.7
2018,Expedia,6.5,Neutro,2024,3,6.7,6.2,7.4,6.8,6.7,7.0
2019,Booking.com,6.7,Neutro,2024,3,6.2,7.9,7.0,7.4,5.6,5.6
2020,Booking.com,8.1,Positivo,2024,3,7.9,6.7,8.5,7.5,8.5,7.6
2024,Direto,9.8,Positivo,2024,3,9.1,10.0,10.0,10.0,9.8,9.5
2026,Booking.com,8.2,Positivo,2024,3,8.3,7.5,7.6,8.3,7.3,6.9
2027,Booking.com,8.5,Positivo,2024,3,8.3,8.8,7.6,7.9,9.3,9.6
2028,Telefone,9.2,Positivo,2024,3,8.6,9.7,8.9,9.0,8.3,9.9
2030,Direto,8.6,Positivo,2024,3,7.9,8.2,9.5,10.0,8.4,8.6
2032,Booking.com,8.8,Positivo,2024,3,8.4,9.1,10.0,8.3,8.9,9.6
2034,Booking.com,9.8,Positivo,2024,3,9.0,10.0,9.9,10.0,10.0,10.0
2035,Direto,9.5,Positivo,2024,3,9.0,10.0,10.0,10.0,8.8,8.9
2036,Booking.com,9.6,Positivo,2024,3,8.8,7.5,9.5,7.3,8.7,10.0
2039,Expedia,7.7,Neutro,2024,3,8.2,7.3,7.8,8.0,7.0,6.1
2041,Direto,9.4,Positivo,2024,3,10.0,9.5,10.0,10.0,10.0,10.0
2044,Booking.com,8.3,Positivo,2024,3,6.4,8.6,7.9,8.8,7.1,8.5
2049,Direto,8.5,Positivo,2024,3,8.7,8.0,8.0,8.5,9.1,9.2
2050,Airbnb,9.1,Positivo,2024,3,9.1,8.3,9.7,9.1,10.0,9.2
2051,Expedia,9.4,Positivo,2024,3,9.4,10.0,8.9,10.0,9.9,10.0
2052,Telefone,8.7,Positivo,2024,3,7.6,8.5,8.2,8.0,9.3,7.7
2053,Booking.com,8.7,Positivo,2024,3,9.9,8.7,8.9,8.6,8.8,8.7
2054,Direto,9.2,Positivo,2024,3,8.1,10.0,7.9,8.5,9.4,9.2
2056,Booking.com,6.0,Negativo,2024,3,5.4,5.7,5.5,5.8,7.1,6.2
2057,Direto,8.7,Positivo,2024,3,8.8,9.0,7.6,8.3,9.4,9.4
2058,Airbnb,8.2,Positivo,2024,4,8.9,8.7,8.1,8.9,9.4,7.9
2060,Booking.com,7.3,Neutro,2024,4,8.0,7.8,7.9,8.1,7.4,7.3
2062,Booking.com,9.0,Positivo,2024,4,9.5,9.8,9.0,8.8,9.2,10.0
2063,Airbnb,8.1,Positivo,2024,4,8.4,7.5,9.0,8.4,7.4,7.8
2064,Booking.com,7.5,Neutro,2024,4,7.4,7.1,7.9,7.5,6.9,7.2
2067,Booking.com,9.2,Positivo,2024,4,9.3,7.3,8.6,8.5,8.0,9.7
2069,Booking.com,7.3,Neutro,2024,4,7.7,8.2,6.4,6.2,7.3,6.6
2071,Direto,8.6,Positivo,2024,4,8.1,7.1,8.7,8.3,8.4,10.0
2073,Booking.com,7.5,Neutro,2024,4,9.0,8.3,8.5,7.3,7.0,7.3
2076,Direto,8.4,Positivo,2024,4,8.4,8.9,7.3,9.3,9.2,8.2
2080,Direto,7.6,Neutro,2024,4,8.6,7.4,8.0,8.4,8.5,8.0
2082,Direto,8.8,Positivo,2024,4,8.7,9.2,9.7,8.6,9.8,9.3
2083,Direto,8.0,Positivo,2024,4,7.5,7.9,8.7,8.2,7.8,8.6
2084,Direto,8.6,Positivo,2024,4,9.8,8.8,8.1,9.0,8.6,9.8
2085,Booking.com,8.1,Positivo,2024,4,8.7,7.6,8.2,9.6,8.9,6.1
2089,Airbnb,8.0,Positivo,2024,4,8.2,8.7,8.1,9.4,7.6,8.6
2092,Booking.com,9.3,Positivo,2024,4,8.1,9.9,10.0,10.0,9.4,8.0
2093,Direto,9.2,Positivo,2024,4,10.0,9.2,9.3,9.1,10.0,9.5
2094,Airbnb,10.0,Positivo,2024,4,9.4,10.0,8.1,9.9,9.4,9.3
2095,Booking.com,8.0,Positivo,2024,4,7.7,7.0,7.0,8.1,7.4,7.8
2098,Telefone,8.2,Positivo,2024,4,7.3,8.8,8.3,7.9,7.1,8.7
2101,Airbnb,8.3,Positivo,2024,4,8.0,8.6,8.9,9.1,7.8,6.7
2103,Telefone,8.4,Positivo,2024,4,8.9,8.7,8.4,8.1,7.6,7.8
2104,Expedia,9.7,Positivo,2024,4,9.4,10.0,10.0,10.0,9.2,9.1
2108,Booking.com,9.8,Positivo,2024,4,10.0,8.9,9.5,9.3,10.0,10.0
2110,Direto,8.6,Positivo,2024,4,8.6,9.7,7.9,9.1,9.7,8.5
2114,Telefone,8.0,Positivo,2024,4,9.4,6.7,9.1,5.9,7.5,9.0
2116,Airbnb,8.8,Positivo,2024,4,8.4,8.6,9.5,9.2,9.6,8.8
2117,Telefone,9.3,Positivo,2024,4,10.0,8.5,9.2,8.7,10.0,9.9
2120,Direto,8.4,Positivo,2024,4,7.5,8.7,8.9,7.0,8.8,7.9
2122,Expedia,8.5,Positivo,2024,4,9.0,8.4,8.8,7.4,8.4,8.6
2125,Direto,8.8,Positivo,2024,4,8.9,9.5,8.6,8.8,8.9,8.9
2127,Expedia,10.0,Positivo,2024,5,10.0,9.8,9.8,10.0,10.0,9.9
2129,Expedia,7.9,Neutro,2024,5,7.8,8.9,7.2,7.5,8.9,8.3
2130,Direto,9.7,Positivo,2024,5,10.0,10.0,9.6,10.0,10.0,8.9
2131,Direto,8.3,Positivo,2024,5,8.3,7.4,10.0,8.1,9.0,8.4
2135,Booking.com,7.0,Neutro,2024,5,6.9,7.0,7.0,6.9,6.4,8.0
2140,Booking.com,7.7,Neutro,2024,5,6.5,6.7,6.2,8.0,8.0,8.2
2141,Direto,8.2,Positivo,2024,5,8.8,9.3,7.8,9.8,8.9,8.0
2144,Direto,6.9,Neutro,2024,5,7.1,6.0,6.1,7.5,7.2,6.8
2145,Airbnb,9.7,Positivo,2024,5,9.9,9.6,8.9,9.2,9.2,8.2
2146,Expedia,8.7,Positivo,2024,5,9.5,8.7,9.0,8.2,10.0,8.3
2147,Booking.com,9.8,Positivo,2024,5,10.0,10.0,10.0,10.0,8.8,10.0
2148,Direto,8.1,Positivo,2024,5,8.2,9.0,8.8,9.0,8.9,8.9
2151,Booking.com,6.4,Negativo,2024,5,6.8,7.0,4.3,6.1,7.0,6.7
2154,Booking.com,7.7,Neutro,2024,5,7.4,8.3,7.1,7.1,7.0,7.7
2155,Booking.com,9.0,Positivo,2024,5,7.6,9.0,8.1,10.0,9.4,8.5
2156,Booking.com,9.3,Positivo,2024,5,8.7,9.8,8.4,9.0,8.5,9.0
2157,Airbnb,9.0,Positivo,2024,5,9.3,8.7,9.2,9.9,9.7,8.9
2160,Booking.com,7.8,Neutro,2024,5,6.7,7.5,8.6,6.7,8.9,8.6
2164,Booking.com,6.9,Neutro,2024,5,6.0,7.1,6.7,6.4,6.6,7.1
2165,Airbnb,10.0,Positivo,2024,5,8.2,9.9,9.4,10.0,10.0,9.0
2166,Telefone,9.3,Positivo,2024,5,9.8,9.2,8.7,10.0,9.2,9.3
2167,Booking.com,8.7,Positivo,2024,5,9.2,8.4,8.4,9.4,10.0,9.1
2168,Direto,8.7,Positivo,2024,5,8.8,9.1,8.3,8.5,10.0,8.6
2170,Expedia,10.0,Positivo,2024,5,10.0,9.6,9.6,8.7,10.0,9.1
2173,Direto,8.2,Positivo,2024,5,6.9,7.1,7.4,7.5,7.8,9.0
2174,Telefone,8.9,Positivo,2024,5,9.0,8.3,8.3,9.2,8.1,9.4
2176,Booking.com,8.4,Positivo,2024,5,8.7,9.2,8.5,9.4,8.0,7.1
2177,Booking.com,8.7,Positivo,2024,5,7.0,9.2,7.7,8.0,9.2,9.4
2178,Direto,8.2,Positivo,2024,5,9.3,7.8,8.9,8.0,7.5,9.0
2179,Direto,9.8,Positivo,2024,5,8.7,9.5,9.8,10.0,9.1,10.0
2182,Expedia,6.9,Neutro,2024,5,6.2,6.4,6.3,6.8,7.2,6.5
2187,Direto,8.5,Positivo,2024,5,9.0,9.3,9.4,9.1,9.9,9.2
2188,Expedia,5.9,Negativo,2024,5,5.2,6.9,5.1,5.9,6.9,5.4
2189,Telefone,8.6,Positivo,2024,5,8.0,8.5,8.2,8.1,9.2,10.0
2191,Direto,9.1,Positivo,2024,5,8.1,9.0,8.6,8.6,8.9,8.5
2192,Booking.com,8.9,Positivo,2024,5,9.3,9.4,8.4,9.3,9.8,10.0
2194,Booking.com,9.2,Positivo,2024,5,10.0,8.9,9.1,10.0,9.1,10.0
2196,Expedia,6.8,Neutro,2024,5,7.2,7.0,6.3,8.2,7.3,7.3
2198,Direto,8.9,Positivo,2024,5,8.4,8.3,10.0,8.7,9.1,8.3
2200,Booking.com,8.7,Positivo,2024,5,7.6,7.4,8.2,8.1,8.8,7.6
2202,Booking.com,8.2,Positivo,2024,5,8.1,10.0,7.3,9.1,7.7,8.7
2204,Booking.com,5.4,Negativo,2024,5,5.3,6.1,4.7,4.0,5.0,5.7
2205,Airbnb,8.7,Positivo,2024,5,8.6,9.3,8.4,8.6,7.5,8.1
2206,Booking.com,9.1,Positivo,2024,5,8.3,8.6,7.6,9.4,9.2,9.5
2209,Telefone,8.3,Positivo,2024,5,8.7,9.2,8.6,8.1,8.5,9.3
2210,Telefone,8.6,Positivo,2024,5,9.2,8.4,7.7,9.0,8.8,8.9
2212,Airbnb,7.5,Neutro,2024,5,8.0,7.1,7.7,7.6,6.0,6.7
2214,Booking.com,8.8,Positivo,2024,6,8.7,8.0,8.7,10.0,9.1,9.6
2215,Direto,8.9,Positivo,2024,6,8.7,8.3,10.0,8.1,7.3,9.3
2216,Booking.com,8.8,Positivo,2024,6,9.1,9.0,8.3,9.8,9.0,9.1
2218,Direto,8.8,Positivo,2024,6,8.3,9.5,8.9,9.5,8.0,9.0
2219,Direto,9.1,Positivo,2024,6,9.2,7.5,9.5,9.5,8.6,9.0
2220,Booking.com,7.4,Neutro,2024,6,7.3,7.5,8.0,6.8,7.0,8.2
2221,Direto,8.1,Positivo,2024,6,7.8,8.9,8.2,7.6,7.4,7.7
2222,Expedia,5.5,Negativo,2024,6,6.8,4.9,4.8,6.7,4.7,5.3
2224,Direto,9.6,Positivo,2024,6,10.0,10.0,10.0,9.6,8.4,10.0
2225,Booking.com,10.0,Positivo,2024,6,10.0,9.8,9.8,10.0,9.6,10.0
2227,Booking.com,8.9,Positivo,2024,6,6.6,9.8,8.7,10.0,8.3,9.2
2228,Booking.com,7.4,Neutro,2024,6,8.2,7.5,6.4,7.1,7.9,7.0
2231,Airbnb,8.7,Positivo,2024,6,7.7,7.5,8.4,7.9,9.1,9.8
2234,Booking.com,7.4,Neutro,2024,6,6.8,6.7,7.0,8.4,8.2,8.0
2236,Booking.com,9.6,Positivo,2024,6,9.1,8.9,9.3,10.0,9.9,9.5
2237,Booking.com,8.1,Positivo,2024,6,9.0,8.2,8.5,9.2,8.5,8.3
2239,Direto,7.8,Neutro,2024,6,9.5,8.0,7.3,8.2,7.9,8.2
2240,Booking.com,7.5,Neutro,2024,6,6.7,7.2,8.1,8.1,8.3,7.7
2242,Booking.com,7.5,Neutro,2024,6,6.2,7.8,6.3,6.8,7.0,7.0
2243,Direto,9.0,Positivo,2024,6,8.6,7.5,9.9,8.8,8.0,9.7
2246,Expedia,8.2,Positivo,2024,6,8.5,8.4,7.8,8.5,8.4,7.2
2247,Airbnb,9.9,Positivo,2024,6,10.0,10.0,10.0,10.0,9.8,10.0
2248,Direto,8.5,Positivo,2024,6,8.2,10.0,7.3,8.2,8.7,8.7
2249,Direto,8.1,Positivo,2024,6,7.9,6.3,9.4,7.0,7.5,7.9
2250,Booking.com,7.0,Neutro,2024,6,8.0,7.2,7.4,6.3,6.7,7.2
2254,Booking.com,8.1,Positivo,2024,6,7.7,6.8,8.1,7.6,9.0,10.0
2255,Expedia,7.5,Neutro,2024,6,7.1,6.7,8.5,7.1,7.8,8.5
2256,Booking.com,9.5,Positivo,2024,6,9.1,10.0,8.5,10.0,10.0,10.0
2258,Expedia,9.3,Positivo,2024,6,8.2,8.9,9.2,9.7,9.8,8.6
2261,Airbnb,8.6,Positivo,2024,6,9.4,9.0,8.0,7.4,9.7,8.7
2262,Booking.com,8.1,Positivo,2024,6,9.3,7.9,7.1,9.1,8.6,8.1
2264,Telefone,8.8,Positivo,2024,6,9.4,7.8,9.4,9.3,8.7,9.7
2266,Booking.com,8.2,Positivo,2024,6,8.2,8.2,7.8,7.7,8.1,7.9
2268,Booking.com,6.0,Negativo,2024,6,6.6,5.8,7.0,6.5,5.8,6.7
2269,Booking.com,7.0,Neutro,2024,6,6.6,6.3,6.1,8.0,6.9,7.4
2273,Expedia,8.4,Positivo,2024,6,7.7,9.2,8.5,8.6,8.4,9.0
2276,Airbnb,9.3,Positivo,2024,6,10.0,8.9,9.2,10.0,7.9,9.2
2277,Booking.com,9.2,Positivo,2024,6,9.1,8.9,10.0,9.3,8.3,9.1
2278,Direto,8.8,Positivo,2024,6,8.6,8.4,9.1,9.2,9.0,9.2
2280,Expedia,8.6,Positivo,2024,6,8.6,8.6,8.6,9.7,9.3,7.8
2282,Expedia,8.6,Positivo,2024,6,7.9,7.3,9.3,8.4,8.0,9.9
2285,Booking.com,7.7,Neutro,2024,6,6.4,7.3,7.9,7.3,6.6,8.7
2286,Airbnb,8.8,Positivo,2024,6,9.1,8.8,9.1,8.6,8.4,10.0
2289,Expedia,6.1,Negativo,2024,6,6.0,6.7,5.8,5.3,6.3,4.9
2291,Booking.com,9.5,Positivo,2024,6,9.6,10.0,9.5,8.6,10.0,8.9
2294,Airbnb,9.0,Positivo,2024,6,8.0,9.7,8.5,10.0,8.3,9.4
2295,Telefone,8.3,Positivo,2024,6,7.5,8.3,7.2,7.8,9.6,8.5
2297,Booking.com,5.9,Negativo,2024,6,5.8,5.4,7.5,4.5,5.7,5.2
2300,Expedia,7.2,Neutro,2024,6,7.0,7.3,6.8,7.5,5.6,8.1
2303,Booking.com,8.5,Positivo,2024,6,9.4,8.0,8.5,8.3,7.4,9.1
2304,Booking.com,9.3,Positivo,2024,6,9.9,10.0,9.7,8.4,9.0,8.8
2305,Booking.com,6.5,Neutro,2024,6,7.4,6.8,6.8,6.2,7.0,7.3
2306,Direto,8.2,Positivo,2024,6,8.7,8.3,6.7,8.2,8.8,8.3
2307,Airbnb,7.8,Neutro,2024,6,7.3,7.2,7.4,9.2,7.1,7.4
2310,Booking.com,9.0,Positivo,2024,7,8.5,9.2,9.8,8.2,9.4,9.3
2311,Booking.com,8.3,Positivo,2024,7,8.8,8.7,8.1,9.2,9.1,6.9
2312,Direto,8.1,Positivo,2024,7,9.6,8.0,8.1,6.0,8.5,8.5
2313,Booking.com,9.1,Positivo,2024,7,9.3,10.0,9.7,9.6,9.5,9.1
2314,Telefone,8.4,Positivo,2024,7,9.6,8.6,7.9,7.7,8.0,8.8
2315,Direto,8.6,Positivo,2024,7,7.9,8.6,8.6,6.0,9.5,8.8
2316,Booking.com,7.3,Neutro,2024,7,7.3,7.0,6.5,8.0,5.9,7.6
2319,Airbnb,9.9,Positivo,2024,7,10.0,8.5,8.6,9.2,10.0,9.8
2320,Direto,8.5,Positivo,2024,7,8.1,9.1,7.9,7.5,8.5,8.2
2322,Airbnb,8.1,Positivo,2024,7,8.1,7.4,6.9,7.8,7.8,8.1
2323,Expedia,7.0,Neutro,2024,7,7.5,6.0,7.2,7.6,7.7,8.0
2324,Direto,8.6,Positivo,2024,7,7.6,8.1,8.0,8.8,9.5,9.9
2327,Booking.com,8.8,Positivo,2024,7,8.9,8.2,8.8,7.8,8.3,7.3
2329,Airbnb,8.9,Positivo,2024,7,8.3,9.4,10.0,8.9,7.9,8.9
2330,Telefone,8.9,Positivo,2024,7,10.0,8.7,9.3,8.7,10.0,9.7
2332,Booking.com,7.9,Neutro,2024,7,8.7,8.1,7.4,8.1,7.7,8.2
2333,Telefone,9.1,Positivo,2024,7,9.8,8.9,7.7,10.0,8.4,9.7
2334,Expedia,7.7,Neutro,2024,7,9.1,7.5,8.4,8.2,8.2,7.2
2336,Expedia,6.1,Negativo,2024,7,6.4,5.8,5.3,4.7,6.2,4.8
2339,Telefone,8.2,Positivo,2024,7,7.9,7.9,7.6,8.5,8.5,8.9
2341,Direto,9.2,Positivo,2024,7,7.0,9.8,8.6,7.7,8.6,8.1
2342,Booking.com,6.4,Negativo,2024,7,6.7,5.2,6.2,6.6,6.5,6.5
2344,Expedia,9.4,Positivo,2024,7,10.0,9.0,9.8,10.0,10.0,8.6
2347,Airbnb,7.5,Neutro,2024,7,7.8,7.0,7.8,8.5,8.7,8.5
2348,Direto,8.7,Positivo,2024,7,10.0,9.0,10.0,9.2,8.4,8.1
2351,Airbnb,9.0,Positivo,2024,7,9.0,9.7,8.0,7.6,10.0,7.1
2355,Direto,8.7,Positivo,2024,7,8.1,9.7,8.2,8.3,7.1,9.4
2356,Airbnb,8.6,Positivo,2024,7,8.3,8.8,9.2,7.5,9.8,10.0
2357,Booking.com,5.8,Negativo,2024,7,6.3,5.4,6.4,6.3,6.8,5.1
2360,Booking.com,8.1,Positivo,2024,7,6.8,7.8,9.2,8.4,8.2,8.1
2361,Direto,9.4,Positivo,2024,7,8.2,9.2,9.2,10.0,8.5,9.5
2362,Booking.com,7.9,Neutro,2024,7,9.0,7.3,8.5,6.4,8.0,7.7
2365,Expedia,9.9,Positivo,2024,7,8.9,9.7,9.6,9.0,10.0,10.0
2366,Airbnb,9.3,Positivo,2024,7,10.0,7.8,9.6,8.3,9.7,9.2
2367,Booking.com,8.8,Positivo,2024,7,10.0,9.2,8.0,8.6,8.8,9.9
2368,Direto,8.5,Positivo,2024,7,10.0,9.5,8.4,7.4,7.8,8.7
2369,Direto,9.1,Positivo,2024,7,8.8,9.0,8.4,10.0,9.9,8.7
2370,Booking.com,8.7,Positivo,2024,7,9.5,9.2,10.0,7.8,8.9,7.9
2372,Booking.com,9.5,Positivo,2024,7,9.7,9.9,7.6,9.3,7.6,10.0
2373,Booking.com,8.3,Positivo,2024,7,7.4,9.2,9.2,9.2,8.3,8.8
2375,Booking.com,8.3,Positivo,2024,7,8.3,7.9,8.3,7.6,7.8,9.4
2376,Telefone,8.6,Positivo,2024,7,8.7,8.8,8.8,9.6,9.8,9.0
2377,Direto,9.2,Positivo,2024,7,7.7,9.4,8.0,7.2,10.0,9.8
2380,Direto,9.4,Positivo,2024,7,10.0,8.9,10.0,9.5,8.6,10.0
2382,Airbnb,8.6,Positivo,2024,7,8.5,8.2,10.0,8.0,10.0,7.8
2383,Booking.com,7.6,Neutro,2024,7,7.2,7.9,7.8,7.5,9.9,7.3
2384,Booking.com,9.7,Positivo,2024,7,9.0,10.0,9.4,9.5,9.9,9.6
2386,Expedia,8.1,Positivo,2024,7,8.1,7.5,8.9,8.3,8.7,7.4
2387,Direto,8.9,Positivo,2024,7,8.4,8.9,8.6,8.9,9.2,9.5
2388,Telefone,8.0,Positivo,2024,7,6.2,8.8,7.9,7.7,9.5,8.1
2389,Direto,8.7,Positivo,2024,7,8.1,9.1,8.8,8.3,8.1,9.1
2392,Expedia,7.2,Neutro,2024,7,7.3,8.1,6.4,7.8,8.0,7.0
2394,Direto,8.6,Positivo,2024,7,8.3,10.0,8.2,8.6,9.1,8.4
2395,Expedia,7.9,Neutro,2024,7,8.5,8.1,9.0,8.0,6.2,8.0
2398,Expedia,6.5,Neutro,2024,7,6.6,7.5,5.2,6.3,6.8,5.9
2402,Expedia,10.0,Positivo,2024,7,10.0,10.0,9.5,9.8,9.8,10.0
2403,Booking.com,9.3,Positivo,2024,7,8.9,9.5,9.5,9.2,9.4,9.0
2406,Booking.com,9.1,Positivo,2024,7,7.4,10.0,8.9,10.0,7.8,9.6
2409,Expedia,9.6,Positivo,2024,7,9.6,9.5,8.9,9.0,9.9,10.0
2410,Expedia,7.7,Neutro,2024,7,8.8,7.0,7.1,6.4,8.6,6.9
2411,Booking.com,7.2,Neutro,2024,7,6.4,7.2,8.1,6.5,5.3,6.7
2412,Direto,8.9,Positivo,2024,7,9.1,7.8,9.7,8.3,8.2,8.0
2413,Expedia,8.6,Positivo,2024,8,7.5,8.1,7.8,8.9,10.0,7.8
2414,Booking.com,6.5,Neutro,2024,8,6.2,5.5,6.7,6.5,7.2,6.1
2415,Airbnb,9.4,Positivo,2024,8,9.8,8.7,10.0,9.6,10.0,9.0
2417,Booking.com,7.6,Neutro,2024,8,8.2,8.7,6.7,7.1,8.5,7.7
2419,Expedia,6.4,Negativo,2024,8,5.6,6.2,5.5,5.2,6.1,7.2
2420,Airbnb,8.3,Positivo,2024,8,9.4,7.7,7.6,6.9,8.8,7.2
2426,Direto,8.8,Positivo,2024,8,9.9,8.9,7.9,9.5,8.3,8.8
2428,Booking.com,8.6,Positivo,2024,8,9.1,7.4,7.7,8.5,8.5,8.7
2430,Booking.com,10.0,Positivo,2024,8,10.0,9.3,9.5,10.0,10.0,9.2
2431,Airbnb,8.8,Positivo,2024,8,7.9,8.9,8.5,8.4,8.3,7.9
2432,Booking.com,7.3,Neutro,2024,8,7.1,6.3,6.8,7.3,6.9,6.8
2433,Direto,8.8,Positivo,2024,8,7.5,8.4,8.1,9.7,8.4,8.0
2434,Booking.com,6.9,Neutro,2024,8,7.9,6.4,8.0,6.5,7.8,5.7
2435,Booking.com,7.5,Neutro,2024,8,7.7,6.8,7.7,5.7,7.8,8.0
2436,Booking.com,7.5,Neutro,2024,8,6.9,6.5,7.0,9.0,7.1,4.8
2439,Expedia,9.9,Positivo,2024,8,10.0,9.1,9.3,9.5,10.0,10.0
2440,Booking.com,10.0,Positivo,2024,8,10.0,10.0,10.0,10.0,10.0,9.1
2441,Booking.com,7.4,Neutro,2024,8,6.9,7.7,7.3,8.1,8.2,7.0
2446,Booking.com,9.4,Positivo,2024,8,9.5,10.0,10.0,10.0,8.3,8.6
2454,Airbnb,8.5,Positivo,2024,8,9.2,10.0,9.0,8.9,9.2,9.6
2455,Expedia,9.7,Positivo,2024,8,9.0,10.0,8.8,9.6,8.7,9.5
2457,Direto,8.7,Positivo,2024,8,9.0,9.0,8.5,8.7,9.1,7.0
2458,Expedia,7.3,Neutro,2024,8,6.7,5.6,6.5,7.7,6.9,7.2
2459,Booking.com,9.8,Positivo,2024,8,8.8,10.0,9.1,8.7,10.0,10.0
2460,Direto,8.5,Positivo,2024,8,7.6,8.3,8.7,7.7,9.1,9.4
2462,Booking.com,8.0,Positivo,2024,8,6.5,6.4,6.9,7.1,8.4,8.7
2466,Booking.com,7.9,Neutro,2024,8,6.8,8.3,8.3,8.2,7.9,7.3
2467,Booking.com,7.9,Neutro,2024,8,7.9,8.5,8.3,8.2,8.3,7.4
2468,Booking.com,8.6,Positivo,2024,8,8.6,9.2,9.1,9.2,8.1,9.2
2469,Booking.com,7.5,Neutro,2024,8,6.4,7.6,7.8,7.8,7.1,7.2
2472,Booking.com,6.2,Negativo,2024,8,5.7,5.3,5.0,6.3,6.3,6.3
2473,Telefone,7.7,Neutro,2024,8,8.6,7.5,7.9,6.2,8.2,6.2
2474,Direto,8.7,Positivo,2024,8,8.9,8.3,9.5,9.3,7.3,9.7
2476,Airbnb,7.7,Neutro,2024,8,8.5,7.3,6.9,7.1,7.9,8.5
2478,Airbnb,8.7,Positivo,2024,8,8.9,8.2,9.5,9.5,8.7,7.7
2479,Direto,8.7,Positivo,2024,8,7.4,9.0,9.3,7.6,9.5,9.8
2480,Telefone,9.8,Positivo,2024,8,9.4,9.0,9.2,10.0,8.6,9.5
2481,Booking.com,10.0,Positivo,2024,8,9.0,9.7,10.0,10.0,9.5,10.0
2482,Airbnb,8.4,Positivo,2024,8,8.1,8.0,8.5,7.9,8.6,7.1
2484,Expedia,9.3,Positivo,2024,8,9.7,10.0,9.4,8.8,8.2,8.6
2489,Expedia,7.3,Neutro,2024,8,7.4,7.5,7.1,7.6,7.2,7.0
2491,Booking.com,8.8,Positivo,2024,8,8.2,9.9,9.0,7.7,8.6,9.2
2492,Booking.com,9.4,Positivo,2024,8,9.9,9.7,8.9,8.8,10.0,9.1
2494,Airbnb,8.8,Positivo,2024,8,9.6,9.6,9.2,8.7,7.3,8.3
2495,Direto,8.0,Positivo,2024,8,9.0,8.8,8.1,7.2,8.2,7.0
2497,Direto,8.1,Positivo,2024,8,7.9,8.2,7.9,8.0,7.5,7.4
2501,Direto,8.0,Positivo,2024,8,8.0,8.0,8.4,7.9,8.3,7.2
2502,Airbnb,8.0,Positivo,2024,8,8.0,7.2,8.6,6.5,8.8,7.2
2504,Airbnb,9.1,Positivo,2024,8,8.9,9.1,8.4,9.8,9.2,9.1
2505,Booking.com,8.8,Positivo,2024,8,7.6,9.4,9.1,10.0,8.6,10.0
2507,Airbnb,8.0,Positivo,2024,8,7.5,7.6,8.6,8.2,6.7,9.3
2509,Telefone,9.1,Positivo,2024,8,9.5,9.2,9.4,10.0,9.9,9.4
2512,Direto,7.4,Neutro,2024,8,6.8,7.3,5.9,6.6,6.6,7.0
2514,Direto,9.1,Positivo,2024,8,8.9,8.7,9.8,8.7,9.1,8.2
2518,Booking.com,8.5,Positivo,2024,8,9.0,8.0,8.7,8.2,7.2,9.3
2519,Booking.com,8.7,Positivo,2024,8,10.0,8.0,9.1,8.4,9.5,7.7
2520,Telefone,7.3,Neutro,2024,8,6.4,6.7,6.6,6.9,7.8,7.2
2521,Direto,8.9,Positivo,2024,8,8.9,9.2,7.7,9.3,9.3,9.4
2524,Expedia,7.3,Neutro,2024,8,7.3,7.1,6.7,5.9,7.4,8.5
2528,Airbnb,10.0,Positivo,2024,9,9.7,9.2,8.4,8.6,9.6,10.0
2530,Direto,9.8,Positivo,2024,9,9.3,10.0,9.6,10.0,9.6,9.3
2531,Telefone,7.9,Neutro,2024,9,6.6,9.1,6.6,8.2,7.7,7.8
2532,Direto,8.4,Positivo,2024,9,7.8,8.0,8.8,8.7,8.5,7.8
2533,Booking.com,8.9,Positivo,2024,9,8.0,8.1,8.3,8.8,7.5,8.1
2534,Direto,8.2,Positivo,2024,9,8.6,8.7,8.1,7.2,8.2,7.1
2535,Booking.com,8.3,Positivo,2024,9,7.2,9.0,8.7,9.8,8.9,8.5
2536,Booking.com,8.3,Positivo,2024,9,7.6,7.3,9.5,8.1,8.5,8.7
2537,Booking.com,8.0,Positivo,2024,9,7.8,7.7,6.6,9.1,8.5,8.0
2538,Airbnb,8.1,Positivo,2024,9,8.3,7.5,8.8,9.3,6.6,7.6
2539,Direto,8.9,Positivo,2024,9,8.2,8.7,8.3,7.8,9.6,9.3
2542,Booking.com,8.6,Positivo,2024,9,8.8,8.0,8.3,9.3,7.8,7.8
2543,Telefone,8.8,Positivo,2024,9,9.5,9.7,9.4,10.0,9.4,9.5
2546,Booking.com,7.5,Neutro,2024,9,7.5,6.4,8.0,8.5,7.9,8.3
2548,Direto,7.7,Neutro,2024,9,7.5,7.4,7.6,7.7,9.2,7.0
2551,Booking.com,7.7,Neutro,2024,9,6.8,6.4,7.5,8.5,7.3,6.9
2552,Booking.com,7.8,Neutro,2024,9,6.6,7.8,8.7,9.4,9.0,7.0
2555,Direto,8.7,Positivo,2024,9,8.6,8.2,10.0,8.0,8.0,8.5
2557,Booking.com,10.0,Positivo,2024,9,10.0,8.4,9.4,8.9,9.8,9.6
2559,Direto,9.1,Positivo,2024,9,7.5,7.9,9.0,9.6,7.9,8.2
2560,Direto,8.6,Positivo,2024,9,8.8,7.7,8.0,8.4,9.6,9.1
2561,Booking.com,9.8,Positivo,2024,9,9.0,9.7,8.9,10.0,9.0,9.4
2562,Telefone,9.3,Positivo,2024,9,8.1,9.0,9.1,9.2,10.0,9.5
2567,Direto,8.9,Positivo,2024,9,7.7,9.8,7.8,9.5,9.6,8.9
2568,Telefone,8.5,Positivo,2024,9,8.0,9.4,7.7,8.8,9.7,9.3
2572,Expedia,8.9,Positivo,2024,9,8.9,8.8,8.5,9.6,9.6,8.1
2574,Airbnb,9.7,Positivo,2024,9,8.9,8.9,10.0,9.4,8.7,10.0
2575,Expedia,6.5,Neutro,2024,9,6.3,6.0,5.9,7.6,5.2,6.6
2578,Booking.com,6.8,Neutro,2024,9,6.7,6.8,8.1,7.8,5.6,6.5
2580,Booking.com,9.8,Positivo,2024,9,10.0,9.4,9.1,9.6,8.8,10.0
2582,Expedia,8.0,Positivo,2024,9,7.0,7.3,8.0,7.4,8.6,8.6
2583,Telefone,9.0,Positivo,2024,9,8.8,8.5,8.3,8.5,9.2,8.2
2585,Direto,9.0,Positivo,2024,9,9.9,10.0,9.7,9.0,8.7,10.0
2587,Telefone,9.1,Positivo,2024,9,8.7,9.3,9.1,9.9,7.9,8.8
2588,Expedia,7.2,Neutro,2024,9,7.2,8.7,6.9,6.3,6.4,6.1
2591,Expedia,8.0,Positivo,2024,9,9.2,6.9,9.4,7.7,7.1,8.1
2592,Direto,8.7,Positivo,2024,9,8.8,9.6,9.2,8.3,9.2,9.9
2595,Booking.com,8.0,Positivo,2024,9,7.4,7.7,8.8,8.2,7.0,8.8
2596,Expedia,9.1,Positivo,2024,9,8.9,8.7,8.5,8.8,9.5,9.5
2599,Direto,9.7,Positivo,2024,9,9.8,9.5,8.2,10.0,9.4,9.6
2600,Telefone,9.2,Positivo,2024,9,8.9,8.1,8.4,8.1,9.2,8.6
2602,Direto,9.1,Positivo,2024,9,10.0,8.8,9.0,9.9,8.8,9.7
2604,Telefone,8.2,Positivo,2024,9,8.2,8.0,6.9,7.2,8.8,9.2
2605,Airbnb,7.0,Neutro,2024,9,6.5,7.5,6.4,6.5,5.9,6.8
2606,Airbnb,7.9,Neutro,2024,9,7.7,7.3,8.2,8.5,8.0,7.3
2607,Direto,8.9,Positivo,2024,9,9.0,9.2,8.7,9.0,8.0,9.0
2608,Direto,7.7,Neutro,2024,9,7.7,6.2,8.1,7.7,7.6,7.4
2609,Direto,9.2,Positivo,2024,9,9.3,10.0,8.3,8.0,10.0,9.2
2613,Expedia,8.1,Positivo,2024,9,8.4,7.5,8.8,8.3,8.5,7.6
2619,Airbnb,7.6,Neutro,2024,10,6.5,7.3,7.3,6.7,7.0,7.2
2624,Telefone,7.6,Neutro,2024,10,7.4,7.1,8.1,5.9,7.4,8.1
2625,Airbnb,10.0,Positivo,2024,10,9.4,9.6,10.0,9.0,8.8,9.6
2626,Booking.com,6.4,Negativo,2024,10,6.0,7.2,7.2,6.7,5.8,7.1
2628,Booking.com,7.5,Neutro,2024,10,6.0,6.6,7.9,8.4,8.5,8.9
2629,Telefone,8.6,Positivo,2024,10,9.4,8.3,9.0,8.9,8.7,8.7
2632,Direto,9.2,Positivo,2024,10,10.0,10.0,9.2,8.4,8.1,8.8
2634,Direto,7.8,Neutro,2024,10,7.1,8.1,7.5,5.8,7.0,7.5
2635,Telefone,7.5,Neutro,2024,10,6.4,8.1,9.1,6.8,7.6,7.3
2640,Booking.com,9.9,Positivo,2024,10,8.9,9.6,9.5,9.9,10.0,10.0
2641,Booking.com,8.2,Positivo,2024,10,6.4,8.2,7.3,8.9,7.4,9.0
2645,Booking.com,6.1,Negativo,2024,10,6.1,5.8,6.6,5.5,5.1,7.8
2646,Booking.com,8.6,Positivo,2024,10,8.7,9.0,9.7,8.9,7.1,9.0
2648,Direto,8.1,Positivo,2024,10,8.2,7.8,7.9,7.2,9.6,8.4
2653,Direto,8.3,Positivo,2024,10,8.4,8.1,7.8,8.1,8.8,8.1
2654,Direto,9.0,Positivo,2024,10,8.8,10.0,8.7,10.0,9.3,9.0
2655,Booking.com,7.0,Neutro,2024,10,7.0,7.2,7.6,6.6,7.5,6.3
2656,Direto,8.1,Positivo,2024,10,7.3,6.1,9.1,9.2,7.9,8.1
2658,Expedia,9.0,Positivo,2024,10,10.0,7.3,9.5,7.5,8.9,9.0
2659,Airbnb,9.4,Positivo,2024,10,9.9,10.0,9.5,9.5,9.8,9.3
2661,Airbnb,8.9,Positivo,2024,10,8.8,8.3,10.0,9.5,9.5,9.5
2662,Booking.com,8.0,Positivo,2024,10,8.8,9.1,8.7,6.9,8.2,8.3
2663,Booking.com,7.4,Neutro,2024,10,8.3,6.4,6.5,8.0,7.4,6.6
2665,Airbnb,9.4,Positivo,2024,10,9.0,10.0,10.0,8.9,9.3,9.4
2667,Booking.com,9.0,Positivo,2024,10,8.2,8.9,8.8,7.8,9.5,8.2
2668,Expedia,7.7,Neutro,2024,10,7.2,9.0,7.5,6.4,7.0,7.3
2669,Booking.com,7.9,Neutro,2024,10,7.4,6.8,7.5,7.6,6.8,7.9
2672,Booking.com,9.5,Positivo,2024,10,8.9,8.3,9.3,10.0,9.4,8.2
2678,Booking.com,8.9,Positivo,2024,10,9.6,9.2,8.5,8.4,9.5,9.4
2679,Booking.com,10.0,Positivo,2024,10,9.8,9.9,8.5,10.0,10.0,10.0
2680,Airbnb,8.0,Positivo,2024,10,8.4,7.8,6.7,7.8,8.1,7.5
2683,Airbnb,7.1,Neutro,2024,10,7.6,8.5,6.7,8.6,5.6,6.9
2684,Direto,9.9,Positivo,2024,10,10.0,10.0,8.7,10.0,8.0,10.0
2685,Direto,9.3,Positivo,2024,10,10.0,9.5,9.2,10.0,8.7,9.2
2688,Direto,9.8,Positivo,2024,10,9.3,8.5,9.6,9.6,9.4,9.5
2689,Telefone,8.5,Positivo,2024,10,9.3,8.5,8.0,9.9,9.3,8.1
2694,Booking.com,8.4,Positivo,2024,10,8.2,8.8,9.1,8.0,7.9,8.7
2697,Booking.com,8.2,Positivo,2024,10,7.7,9.1,8.3,7.5,9.2,9.2
2700,Telefone,7.9,Neutro,2024,11,7.8,8.3,7.4,9.2,7.3,8.9
2701,Airbnb,8.5,Positivo,2024,11,9.9,8.0,9.4,8.4,9.4,7.7
2702,Direto,9.6,Positivo,2024,11,9.5,10.0,10.0,10.0,9.8,10.0
2703,Booking.com,9.3,Positivo,2024,11,9.7,10.0,9.3,9.5,7.7,10.0
2705,Booking.com,7.5,Neutro,2024,11,7.7,7.7,7.9,7.6,7.2,8.0
2706,Booking.com,8.9,Positivo,2024,11,9.6,8.8,9.9,9.4,9.5,7.5
2707,Direto,9.9,Positivo,2024,11,9.4,9.4,9.3,10.0,9.4,9.2
2709,Telefone,9.0,Positivo,2024,11,8.5,8.5,8.1,9.7,8.9,9.0
2710,Booking.com,8.0,Positivo,2024,11,8.4,6.3,8.1,7.4,7.1,6.9
2711,Booking.com,6.8,Neutro,2024,11,6.8,7.2,6.8,5.9,7.4,7.9
2712,Airbnb,7.6,Neutro,2024,11,8.0,6.4,8.0,7.5,7.2,8.2
2713,Booking.com,7.4,Neutro,2024,11,6.6,7.5,7.5,6.8,6.9,8.3
2715,Direto,8.9,Positivo,2024,11,8.1,9.6,8.3,8.1,8.1,9.0
2716,Booking.com,7.8,Neutro,2024,11,7.4,8.1,6.8,8.0,6.6,8.0
2717,Direto,7.5,Neutro,2024,11,6.9,7.5,8.5,6.5,7.2,6.5
2718,Telefone,8.7,Positivo,2024,11,6.6,8.8,9.4,9.1,9.0,9.3
2719,Expedia,8.8,Positivo,2024,11,9.4,8.7,7.8,9.5,8.9,9.7
2721,Booking.com,9.6,Positivo,2024,11,9.6,9.1,8.1,9.7,9.5,10.0
2725,Booking.com,9.6,Positivo,2024,11,10.0,10.0,10.0,10.0,8.1,10.0
2726,Booking.com,8.3,Positivo,2024,11,7.3,7.5,8.2,8.0,8.1,8.6
2727,Expedia,7.5,Neutro,2024,11,8.5,6.4,7.8,7.7,6.4,7.6
2729,Telefone,8.4,Positivo,2024,11,9.2,7.5,10.0,8.0,7.9,9.5
2730,Booking.com,7.4,Neutro,2024,11,6.0,7.2,6.9,6.3,7.5,6.2
2731,Booking.com,8.0,Positivo,2024,11,8.2,6.9,7.6,6.8,7.7,8.3
2733,Expedia,9.8,Positivo,2024,11,10.0,9.6,9.6,9.4,10.0,9.6
2735,Airbnb,9.1,Positivo,2024,11,9.7,7.4,8.6,9.1,9.1,7.7
2738,Direto,8.9,Positivo,2024,11,8.5,8.2,9.5,8.8,8.5,9.0
2740,Booking.com,8.9,Positivo,2024,11,9.2,9.3,9.4,7.9,8.8,7.8
2741,Telefone,7.9,Neutro,2024,11,7.5,7.2,7.7,8.6,7.0,8.5
2742,Direto,9.4,Positivo,2024,11,8.7,9.3,9.3,9.5,8.8,9.5
2743,Direto,8.7,Positivo,2024,11,8.1,9.7,10.0,10.0,8.4,8.8
2744,Direto,8.8,Positivo,2024,11,8.8,7.3,10.0,8.3,8.9,10.0
2745,Expedia,7.7,Neutro,2024,11,7.4,8.1,7.8,7.3,8.5,8.4
2748,Booking.com,8.5,Positivo,2024,11,9.7,8.1,8.2,9.5,8.5,8.6
2749,Telefone,9.1,Positivo,2024,11,9.2,10.0,9.6,8.4,8.8,9.6
2750,Booking.com,9.7,Positivo,2024,11,9.0,10.0,9.0,10.0,10.0,10.0
2751,Booking.com,7.8,Neutro,2024,11,8.5,7.5,7.9,6.7,9.3,8.9
2753,Expedia,8.2,Positivo,2024,11,8.3,7.9,8.1,8.2,10.0,7.7
2755,Direto,9.2,Positivo,2024,12,9.4,10.0,8.8,9.1,7.9,8.7
2756,Booking.com,8.3,Positivo,2024,12,9.0,9.4,7.9,8.1,7.3,8.0
2758,Booking.com,9.0,Positivo,2024,12,9.1,9.6,9.3,7.7,8.8,8.1
2762,Expedia,8.0,Positivo,2024,12,7.0,6.9,7.4,9.3,7.9,8.1
2763,Telefone,8.5,Positivo,2024,12,7.6,8.6,8.7,7.5,9.9,8.0
2765,Booking.com,8.5,Positivo,2024,12,8.2,7.2,9.5,7.7,9.4,8.1
2766,Booking.com,7.8,Neutro,2024,12,8.0,8.7,7.5,10.0,8.3,7.9
2767,Telefone,8.5,Positivo,2024,12,8.4,7.3,9.0,8.4,8.0,9.3
2769,Expedia,8.2,Positivo,2024,12,7.1,7.1,9.4,7.1,7.5,8.5
2770,Expedia,7.3,Neutro,2024,12,8.0,5.9,6.4,7.9,5.6,8.6
2771,Expedia,7.6,Neutro,2024,12,7.2,7.3,7.5,7.4,5.9,7.2
2773,Expedia,7.7,Neutro,2024,12,7.2,7.2,7.4,7.7,7.9,6.7
2774,Airbnb,7.4,Neutro,2024,12,7.1,6.2,8.5,7.4,7.1,7.0
2775,Expedia,8.7,Positivo,2024,12,9.3,7.2,8.9,9.5,8.9,9.3
2777,Booking.com,9.3,Positivo,2024,12,10.0,10.0,9.3,7.9,9.4,8.7
2778,Expedia,8.0,Positivo,2024,12,8.9,8.0,7.3,8.5,8.5,9.0
2781,Booking.com,7.7,Neutro,2024,12,7.9,8.2,7.3,7.5,8.9,8.9
2785,Booking.com,8.0,Positivo,2024,12,8.5,8.3,9.0,7.6,7.8,8.4
2787,Booking.com,7.4,Neutro,2024,12,7.4,7.9,7.1,8.1,6.5,8.0
2788,Booking.com,8.0,Positivo,2024,12,8.0,8.4,8.9,8.1,8.0,7.4
2789,Booking.com,8.3,Positivo,2024,12,8.6,8.7,7.9,7.0,9.8,9.1
2790,Airbnb,7.4,Neutro,2024,12,6.6,7.3,7.1,8.0,6.9,8.0
2792,Direto,9.3,Positivo,2024,12,9.3,9.8,10.0,9.8,8.6,9.8
2794,Airbnb,7.6,Neutro,2024,12,7.3,8.0,7.5,7.7,8.6,6.6
2795,Booking.com,8.3,Positivo,2024,12,7.8,8.0,8.0,8.5,8.2,7.3
2796,Expedia,8.0,Positivo,2024,12,7.0,5.7,8.1,9.2,7.8,8.4
2797,Booking.com,8.6,Positivo,2024,12,8.5,8.2,8.7,9.1,7.2,8.0
2799,Booking.com,7.2,Neutro,2024,12,7.0,5.4,6.8,8.7,6.2,7.3
2804,Expedia,9.0,Positivo,2024,12,9.4,8.2,8.9,8.6,9.2,8.3
2805,Expedia,9.1,Positivo,2024,12,9.6,10.0,10.0,9.1,9.4,8.8
2808,Expedia,6.9,Neutro,2024,12,6.4,7.0,6.9,6.2,6.5,6.5
2812,Direto,8.0,Positivo,2024,12,9.1,8.0,6.4,8.2,9.0,7.9
2813,Booking.com,8.0,Positivo,2024,12,7.8,8.0,7.8,8.6,7.3,7.6
2814,Booking.com,7.9,Neutro,2024,12,8.3,8.0,8.7,7.8,8.4,6.9
2820,Direto,9.5,Positivo,2024,12,9.6,8.9,9.2,9.3,10.0,9.0
2822,Expedia,8.1,Positivo,2024,12,6.8,8.3,8.6,8.0,8.4,6.5
2823,Direto,8.9,Positivo,2024,12,8.7,10.0,9.1,8.4,8.4,9.8
2825,Expedia,7.8,Neutro,2024,12,6.5,7.9,6.7,7.1,6.2,6.9
